-- auto-generated definition
CREATE TABLE institutes
(
  id   SMALLINT NOT NULL
    CONSTRAINT institutes_pkey
    PRIMARY KEY,
  name VARCHAR(5)
);

CREATE UNIQUE INDEX institutes_id_uindex
  ON institutes (id);

CREATE UNIQUE INDEX institutes_name_uindex
  ON institutes (name);


-- auto-generated definition
CREATE TABLE group_names
(
  name         VARCHAR(10) NOT NULL,
  institute_id SMALLINT    NOT NULL
    CONSTRAINT group_names_institutes_id_fk
    REFERENCES institutes,
  id           SERIAL      NOT NULL
    CONSTRAINT group_names_id_pk
    PRIMARY KEY
);


-- auto-generated definition
CREATE TABLE groups
(
  id           INT    NOT NULL
    CONSTRAINT groups_pkey
    PRIMARY KEY,
  name         VARCHAR(15) NOT NULL,
  institute_id SMALLINT    NOT NULL
    CONSTRAINT groups_institutes_id_fk
    REFERENCES institutes
);

CREATE UNIQUE INDEX groups_id_uindex
  ON groups (id);


-- auto-generated definition
CREATE TABLE user_settings
(
  user_id      INTEGER  NOT NULL,
  institute_id SMALLINT NOT NULL
    CONSTRAINT user_settings_institutes_id_fk
    REFERENCES institutes,
  group_id     SMALLINT NOT NULL
    CONSTRAINT user_settings_groups_id_fk
    REFERENCES groups,
  subgroup     SMALLINT,
  username     VARCHAR(25),
  first_name   VARCHAR(25),
  last_name    VARCHAR(25),
  created_at   TIMESTAMP WITH TIME ZONE DEFAULT now()
);

CREATE UNIQUE INDEX user_settings_user_id_uindex
  ON user_settings (user_id);



INSERT INTO institutes(id, name) VALUES (22, 'ІАПО');
INSERT INTO institutes(id, name) VALUES (1, 'ІАРХ');
INSERT INTO institutes(id, name) VALUES (2, 'ІБІД');
INSERT INTO institutes(id, name) VALUES (3, 'ІГДГ');
INSERT INTO institutes(id, name) VALUES (4, 'ІГСН');
INSERT INTO institutes(id, name) VALUES (6, 'ІЕСК');
INSERT INTO institutes(id, name) VALUES (7, 'ІІМТ');
INSERT INTO institutes(id, name) VALUES (8, 'ІКНІ');
INSERT INTO institutes(id, name) VALUES (9, 'ІКТА');
INSERT INTO institutes(id, name) VALUES (10, 'ІМФН');
INSERT INTO institutes(id, name) VALUES (5, 'ІНЕМ');
INSERT INTO institutes(id, name) VALUES (18, 'ІНПП');
INSERT INTO institutes(id, name) VALUES (24, 'ІСТР');
INSERT INTO institutes(id, name) VALUES (11, 'ІТРЕ');
INSERT INTO institutes(id, name) VALUES (12, 'ІХХТ');
INSERT INTO institutes(id, name) VALUES (21, 'НУЛП');



INSERT INTO groups (id, name, institute_id) VALUES (11779, 'ЕКСЕ-11', 22);
INSERT INTO groups (id, name, institute_id) VALUES (10574, 'МЕУП-11', 22);
INSERT INTO groups (id, name, institute_id) VALUES (10573, 'МЕФБ-11', 22);
INSERT INTO groups (id, name, institute_id) VALUES (11511, 'УА-11', 22);
INSERT INTO groups (id, name, institute_id) VALUES (11091, 'УА-21', 22);
INSERT INTO groups (id, name, institute_id) VALUES (11092, 'УА-22', 22);
INSERT INTO groups (id, name, institute_id) VALUES (10575, 'УААМ-11', 22);
INSERT INTO groups (id, name, institute_id) VALUES (10576, 'УААМ-12', 22);
INSERT INTO groups (id, name, institute_id) VALUES (10577, 'УАЕК-11', 22);
INSERT INTO groups (id, name, institute_id) VALUES (11780, 'УАПУ-11', 22);
INSERT INTO groups (id, name, institute_id) VALUES (10468, 'АР-11', 1);
INSERT INTO groups (id, name, institute_id) VALUES (11396, 'АР-12', 1);
INSERT INTO groups (id, name, institute_id) VALUES (11397, 'АР-13', 1);
INSERT INTO groups (id, name, institute_id) VALUES (11398, 'АР-14', 1);
INSERT INTO groups (id, name, institute_id) VALUES (11399, 'АР-15', 1);
INSERT INTO groups (id, name, institute_id) VALUES (11773, 'АР-16', 1);
INSERT INTO groups (id, name, institute_id) VALUES (11774, 'АР-17', 1);
INSERT INTO groups (id, name, institute_id) VALUES (11775, 'АР-18', 1);
INSERT INTO groups (id, name, institute_id) VALUES (10797, 'АР-21', 1);
INSERT INTO groups (id, name, institute_id) VALUES (10802, 'АР-22', 1);
INSERT INTO groups (id, name, institute_id) VALUES (10814, 'АР-23', 1);
INSERT INTO groups (id, name, institute_id) VALUES (10816, 'АР-24', 1);
INSERT INTO groups (id, name, institute_id) VALUES (10818, 'АР-25', 1);
INSERT INTO groups (id, name, institute_id) VALUES (10822, 'АР-26', 1);
INSERT INTO groups (id, name, institute_id) VALUES (10824, 'АР-27', 1);
INSERT INTO groups (id, name, institute_id) VALUES (10826, 'АР-28', 1);
INSERT INTO groups (id, name, institute_id) VALUES (10828, 'АР-29', 1);
INSERT INTO groups (id, name, institute_id) VALUES (11424, 'АР-31', 1);
INSERT INTO groups (id, name, institute_id) VALUES (11883, 'АР-310', 1);
INSERT INTO groups (id, name, institute_id) VALUES (11425, 'АР-32', 1);
INSERT INTO groups (id, name, institute_id) VALUES (11426, 'АР-33', 1);
INSERT INTO groups (id, name, institute_id) VALUES (11427, 'АР-34', 1);
INSERT INTO groups (id, name, institute_id) VALUES (11428, 'АР-35', 1);
INSERT INTO groups (id, name, institute_id) VALUES (11429, 'АР-36', 1);
INSERT INTO groups (id, name, institute_id) VALUES (11430, 'АР-37', 1);
INSERT INTO groups (id, name, institute_id) VALUES (11431, 'АР-38', 1);
INSERT INTO groups (id, name, institute_id) VALUES (11432, 'АР-39', 1);
INSERT INTO groups (id, name, institute_id) VALUES (11433, 'АР-41', 1);
INSERT INTO groups (id, name, institute_id) VALUES (11434, 'АР-42', 1);
INSERT INTO groups (id, name, institute_id) VALUES (11435, 'АР-43', 1);
INSERT INTO groups (id, name, institute_id) VALUES (11436, 'АР-44', 1);
INSERT INTO groups (id, name, institute_id) VALUES (11437, 'АР-45', 1);
INSERT INTO groups (id, name, institute_id) VALUES (11438, 'АР-46', 1);
INSERT INTO groups (id, name, institute_id) VALUES (11439, 'АР-47', 1);
INSERT INTO groups (id, name, institute_id) VALUES (11440, 'АР-48', 1);
INSERT INTO groups (id, name, institute_id) VALUES (11441, 'АР-49', 1);
INSERT INTO groups (id, name, institute_id) VALUES (11442, 'АРБС-11', 1);
INSERT INTO groups (id, name, institute_id) VALUES (11804, 'АРБС-12', 1);
INSERT INTO groups (id, name, institute_id) VALUES (11443, 'АРБС-13', 1);
INSERT INTO groups (id, name, institute_id) VALUES (11805, 'АРБС-14', 1);
INSERT INTO groups (id, name, institute_id) VALUES (11445, 'АРДА-11', 1);
INSERT INTO groups (id, name, institute_id) VALUES (11444, 'АРМБ-11', 1);
INSERT INTO groups (id, name, institute_id) VALUES (11896, 'АРМБ-12', 1);
INSERT INTO groups (id, name, institute_id) VALUES (11446, 'АРРП-11', 1);
INSERT INTO groups (id, name, institute_id) VALUES (10467, 'ДЗ-11', 1);
INSERT INTO groups (id, name, institute_id) VALUES (11776, 'ДЗ-12', 1);
INSERT INTO groups (id, name, institute_id) VALUES (11777, 'ДЗ-13', 1);
INSERT INTO groups (id, name, institute_id) VALUES (10787, 'ДЗ-21', 1);
INSERT INTO groups (id, name, institute_id) VALUES (10789, 'ДЗ-22', 1);
INSERT INTO groups (id, name, institute_id) VALUES (10792, 'ДЗ-23', 1);
INSERT INTO groups (id, name, institute_id) VALUES (10842, 'ДЗ-31', 1);
INSERT INTO groups (id, name, institute_id) VALUES (10844, 'ДЗ-32', 1);
INSERT INTO groups (id, name, institute_id) VALUES (10846, 'ДЗ-33', 1);
INSERT INTO groups (id, name, institute_id) VALUES (10849, 'ДЗ-34', 1);
INSERT INTO groups (id, name, institute_id) VALUES (11413, 'ДЗ-41', 1);
INSERT INTO groups (id, name, institute_id) VALUES (11414, 'ДЗ-42', 1);
INSERT INTO groups (id, name, institute_id) VALUES (11415, 'ДЗ-43', 1);
INSERT INTO groups (id, name, institute_id) VALUES (11709, 'ДЗЗВ-11', 1);
INSERT INTO groups (id, name, institute_id) VALUES (11710, 'ДЗЗВ-12', 1);
INSERT INTO groups (id, name, institute_id) VALUES (11400, 'РМ-11', 1);
INSERT INTO groups (id, name, institute_id) VALUES (10795, 'РМ-21', 1);
INSERT INTO groups (id, name, institute_id) VALUES (10830, 'РМ-31', 1);
INSERT INTO groups (id, name, institute_id) VALUES (10872, 'РМ-41', 1);
INSERT INTO groups (id, name, institute_id) VALUES (11408, 'РМРТ-11', 1);
INSERT INTO groups (id, name, institute_id) VALUES (11286, 'АДА-31', 2);
INSERT INTO groups (id, name, institute_id) VALUES (11298, 'АДА-41', 2);
INSERT INTO groups (id, name, institute_id) VALUES (11264, 'БД-11', 2);
INSERT INTO groups (id, name, institute_id) VALUES (11265, 'БД-12', 2);
INSERT INTO groups (id, name, institute_id) VALUES (11266, 'БД-13', 2);
INSERT INTO groups (id, name, institute_id) VALUES (11267, 'БД-14', 2);
INSERT INTO groups (id, name, institute_id) VALUES (11268, 'БД-15', 2);
INSERT INTO groups (id, name, institute_id) VALUES (11271, 'БД-16', 2);
INSERT INTO groups (id, name, institute_id) VALUES (11273, 'БД-21', 2);
INSERT INTO groups (id, name, institute_id) VALUES (11274, 'БД-22', 2);
INSERT INTO groups (id, name, institute_id) VALUES (11275, 'БД-23', 2);
INSERT INTO groups (id, name, institute_id) VALUES (11276, 'БД-24', 2);
INSERT INTO groups (id, name, institute_id) VALUES (11277, 'БД-25', 2);
INSERT INTO groups (id, name, institute_id) VALUES (11278, 'БД-26', 2);
INSERT INTO groups (id, name, institute_id) VALUES (11279, 'БД-27', 2);
INSERT INTO groups (id, name, institute_id) VALUES (11280, 'БД-28', 2);
INSERT INTO groups (id, name, institute_id) VALUES (11363, 'БД-337', 2);
INSERT INTO groups (id, name, institute_id) VALUES (11364, 'БД-338', 2);
INSERT INTO groups (id, name, institute_id) VALUES (11309, 'БДАД-11', 2);
INSERT INTO groups (id, name, institute_id) VALUES (11312, 'БДВВ-11', 2);
INSERT INTO groups (id, name, institute_id) VALUES (11307, 'БДМБ-11', 2);
INSERT INTO groups (id, name, institute_id) VALUES (11310, 'БДМТ-11', 2);
INSERT INTO groups (id, name, institute_id) VALUES (11305, 'БДПЦ-11', 2);
INSERT INTO groups (id, name, institute_id) VALUES (11306, 'БДПЦ-12', 2);
INSERT INTO groups (id, name, institute_id) VALUES (11311, 'БДТГ-11', 2);
INSERT INTO groups (id, name, institute_id) VALUES (11734, 'БДТГ-12', 2);
INSERT INTO groups (id, name, institute_id) VALUES (11308, 'БДТК-11', 2);
INSERT INTO groups (id, name, institute_id) VALUES (11289, 'ВВД-31', 2);
INSERT INTO groups (id, name, institute_id) VALUES (11302, 'ВВД-41', 2);
INSERT INTO groups (id, name, institute_id) VALUES (11313, 'ГБПО-11', 2);
INSERT INTO groups (id, name, institute_id) VALUES (11290, 'ГТ-31', 2);
INSERT INTO groups (id, name, institute_id) VALUES (11303, 'ГТ-41', 2);
INSERT INTO groups (id, name, institute_id) VALUES (11284, 'МБГ-31', 2);
INSERT INTO groups (id, name, institute_id) VALUES (11703, 'МБГ-32', 2);
INSERT INTO groups (id, name, institute_id) VALUES (11295, 'МБГ-41', 2);
INSERT INTO groups (id, name, institute_id) VALUES (11296, 'МБГ-42', 2);
INSERT INTO groups (id, name, institute_id) VALUES (11287, 'МТТ-31', 2);
INSERT INTO groups (id, name, institute_id) VALUES (11299, 'МТТ-41', 2);
INSERT INTO groups (id, name, institute_id) VALUES (11272, 'ПБ-11', 2);
INSERT INTO groups (id, name, institute_id) VALUES (11281, 'ПБ-21', 2);
INSERT INTO groups (id, name, institute_id) VALUES (11291, 'ПБ-31', 2);
INSERT INTO groups (id, name, institute_id) VALUES (11304, 'ПБ-41', 2);
INSERT INTO groups (id, name, institute_id) VALUES (11314, 'ПБПБ-11', 2);
INSERT INTO groups (id, name, institute_id) VALUES (11282, 'ПЦБ-31', 2);
INSERT INTO groups (id, name, institute_id) VALUES (11283, 'ПЦБ-32', 2);
INSERT INTO groups (id, name, institute_id) VALUES (11702, 'ПЦБ-33', 2);
INSERT INTO groups (id, name, institute_id) VALUES (11292, 'ПЦБ-41', 2);
INSERT INTO groups (id, name, institute_id) VALUES (11293, 'ПЦБ-42', 2);
INSERT INTO groups (id, name, institute_id) VALUES (11294, 'ПЦБ-43', 2);
INSERT INTO groups (id, name, institute_id) VALUES (11285, 'ТБК-31', 2);
INSERT INTO groups (id, name, institute_id) VALUES (11297, 'ТБК-41', 2);
INSERT INTO groups (id, name, institute_id) VALUES (11288, 'ТГВ-31', 2);
INSERT INTO groups (id, name, institute_id) VALUES (11704, 'ТГВ-32', 2);
INSERT INTO groups (id, name, institute_id) VALUES (11300, 'ТГВ-41', 2);
INSERT INTO groups (id, name, institute_id) VALUES (11301, 'ТГВ-42', 2);
INSERT INTO groups (id, name, institute_id) VALUES (10647, 'ГД-11', 3);
INSERT INTO groups (id, name, institute_id) VALUES (10648, 'ГД-12', 3);
INSERT INTO groups (id, name, institute_id) VALUES (10649, 'ГД-13', 3);
INSERT INTO groups (id, name, institute_id) VALUES (11473, 'ГД-14', 3);
INSERT INTO groups (id, name, institute_id) VALUES (10651, 'ГД-21', 3);
INSERT INTO groups (id, name, institute_id) VALUES (10652, 'ГД-22', 3);
INSERT INTO groups (id, name, institute_id) VALUES (10653, 'ГД-23', 3);
INSERT INTO groups (id, name, institute_id) VALUES (10654, 'ГД-24', 3);
INSERT INTO groups (id, name, institute_id) VALUES (10655, 'ГД-25', 3);
INSERT INTO groups (id, name, institute_id) VALUES (11257, 'ГД-31', 3);
INSERT INTO groups (id, name, institute_id) VALUES (11258, 'ГД-32', 3);
INSERT INTO groups (id, name, institute_id) VALUES (11259, 'ГД-33', 3);
INSERT INTO groups (id, name, institute_id) VALUES (11260, 'ГД-34', 3);
INSERT INTO groups (id, name, institute_id) VALUES (11261, 'ГД-35', 3);
INSERT INTO groups (id, name, institute_id) VALUES (11262, 'ГД-36', 3);
INSERT INTO groups (id, name, institute_id) VALUES (11263, 'ГД-37', 3);
INSERT INTO groups (id, name, institute_id) VALUES (11390, 'ГДГЕ-11', 3);
INSERT INTO groups (id, name, institute_id) VALUES (11967, 'ГДГЕ-12', 3);
INSERT INTO groups (id, name, institute_id) VALUES (11110, 'ГДГТ-11', 3);
INSERT INTO groups (id, name, institute_id) VALUES (10656, 'ГДЗ-41', 3);
INSERT INTO groups (id, name, institute_id) VALUES (11108, 'ГДЗК-11', 3);
INSERT INTO groups (id, name, institute_id) VALUES (11109, 'ГДОЗ-11', 3);
INSERT INTO groups (id, name, institute_id) VALUES (10660, 'ГІС-41', 3);
INSERT INTO groups (id, name, institute_id) VALUES (10658, 'ЗМК-41', 3);
INSERT INTO groups (id, name, institute_id) VALUES (10662, 'КМЗ-41', 3);
INSERT INTO groups (id, name, institute_id) VALUES (10657, 'КРТ-41', 3);
INSERT INTO groups (id, name, institute_id) VALUES (10645, 'НЗ-11', 3);
INSERT INTO groups (id, name, institute_id) VALUES (10646, 'НЗ-12', 3);
INSERT INTO groups (id, name, institute_id) VALUES (10650, 'НЗ-21', 3);
INSERT INTO groups (id, name, institute_id) VALUES (11113, 'НЗКА-11', 3);
INSERT INTO groups (id, name, institute_id) VALUES (11112, 'НЗКМ-11', 3);
INSERT INTO groups (id, name, institute_id) VALUES (10659, 'ОЗМ-41', 3);
INSERT INTO groups (id, name, institute_id) VALUES (10661, 'ФТМ-41', 3);
INSERT INTO groups (id, name, institute_id) VALUES (10480, 'ДК-11', 4);
INSERT INTO groups (id, name, institute_id) VALUES (10481, 'ДК-12', 4);
INSERT INTO groups (id, name, institute_id) VALUES (10490, 'ДК-21', 4);
INSERT INTO groups (id, name, institute_id) VALUES (10492, 'ДК-22', 4);
INSERT INTO groups (id, name, institute_id) VALUES (10501, 'ДК-31', 4);
INSERT INTO groups (id, name, institute_id) VALUES (10503, 'ДК-32', 4);
INSERT INTO groups (id, name, institute_id) VALUES (10504, 'ДК-33', 4);
INSERT INTO groups (id, name, institute_id) VALUES (10749, 'ДК-41', 4);
INSERT INTO groups (id, name, institute_id) VALUES (10750, 'ДК-42', 4);
INSERT INTO groups (id, name, institute_id) VALUES (10753, 'ДК-43', 4);
INSERT INTO groups (id, name, institute_id) VALUES (11039, 'ДКІБ-11', 4);
INSERT INTO groups (id, name, institute_id) VALUES (10710, 'МВ-11', 4);
INSERT INTO groups (id, name, institute_id) VALUES (10713, 'МВ-12', 4);
INSERT INTO groups (id, name, institute_id) VALUES (10717, 'МВ-13', 4);
INSERT INTO groups (id, name, institute_id) VALUES (11256, 'МВ-14', 4);
INSERT INTO groups (id, name, institute_id) VALUES (11670, 'МВ-15', 4);
INSERT INTO groups (id, name, institute_id) VALUES (11671, 'МВ-16', 4);
INSERT INTO groups (id, name, institute_id) VALUES (11672, 'МВ-17', 4);
INSERT INTO groups (id, name, institute_id) VALUES (10722, 'МВ-21', 4);
INSERT INTO groups (id, name, institute_id) VALUES (10723, 'МВ-22', 4);
INSERT INTO groups (id, name, institute_id) VALUES (10725, 'МВ-23', 4);
INSERT INTO groups (id, name, institute_id) VALUES (10728, 'МВ-24', 4);
INSERT INTO groups (id, name, institute_id) VALUES (10729, 'МВ-31', 4);
INSERT INTO groups (id, name, institute_id) VALUES (10732, 'МВ-32', 4);
INSERT INTO groups (id, name, institute_id) VALUES (10734, 'МВ-33', 4);
INSERT INTO groups (id, name, institute_id) VALUES (10762, 'МВ-41', 4);
INSERT INTO groups (id, name, institute_id) VALUES (10765, 'МВ-42', 4);
INSERT INTO groups (id, name, institute_id) VALUES (10767, 'МВ-43', 4);
INSERT INTO groups (id, name, institute_id) VALUES (11043, 'МВМВ-11', 4);
INSERT INTO groups (id, name, institute_id) VALUES (11041, 'САКІ-11', 4);
INSERT INTO groups (id, name, institute_id) VALUES (10486, 'СЗ-11', 4);
INSERT INTO groups (id, name, institute_id) VALUES (10496, 'СЗ-21', 4);
INSERT INTO groups (id, name, institute_id) VALUES (10473, 'СМ-11', 4);
INSERT INTO groups (id, name, institute_id) VALUES (10488, 'СМ-21', 4);
INSERT INTO groups (id, name, institute_id) VALUES (10499, 'СМ-31', 4);
INSERT INTO groups (id, name, institute_id) VALUES (10744, 'СМ-41', 4);
INSERT INTO groups (id, name, institute_id) VALUES (11038, 'СММП-11', 4);
INSERT INTO groups (id, name, institute_id) VALUES (10483, 'СО-11', 4);
INSERT INTO groups (id, name, institute_id) VALUES (10494, 'СО-21', 4);
INSERT INTO groups (id, name, institute_id) VALUES (10505, 'СО-31', 4);
INSERT INTO groups (id, name, institute_id) VALUES (10506, 'СО-32', 4);
INSERT INTO groups (id, name, institute_id) VALUES (10756, 'СО-41', 4);
INSERT INTO groups (id, name, institute_id) VALUES (10758, 'СО-42', 4);
INSERT INTO groups (id, name, institute_id) VALUES (11040, 'СОВД-11', 4);
INSERT INTO groups (id, name, institute_id) VALUES (10485, 'СР-11', 4);
INSERT INTO groups (id, name, institute_id) VALUES (10495, 'СР-21', 4);
INSERT INTO groups (id, name, institute_id) VALUES (10742, 'СР-31', 4);
INSERT INTO groups (id, name, institute_id) VALUES (10743, 'СР-32', 4);
INSERT INTO groups (id, name, institute_id) VALUES (10773, 'СР-41', 4);
INSERT INTO groups (id, name, institute_id) VALUES (10775, 'СР-42', 4);
INSERT INTO groups (id, name, institute_id) VALUES (11042, 'СРСО-11', 4);
INSERT INTO groups (id, name, institute_id) VALUES (10680, 'АВ-11', 6);
INSERT INTO groups (id, name, institute_id) VALUES (10681, 'АВ-12', 6);
INSERT INTO groups (id, name, institute_id) VALUES (10688, 'АВ-21', 6);
INSERT INTO groups (id, name, institute_id) VALUES (10689, 'АВ-22', 6);
INSERT INTO groups (id, name, institute_id) VALUES (10690, 'АВ-31', 6);
INSERT INTO groups (id, name, institute_id) VALUES (10691, 'АВ-32', 6);
INSERT INTO groups (id, name, institute_id) VALUES (11047, 'АВ-41', 6);
INSERT INTO groups (id, name, institute_id) VALUES (11048, 'АВ-42', 6);
INSERT INTO groups (id, name, institute_id) VALUES (11861, 'АВАУ-11', 6);
INSERT INTO groups (id, name, institute_id) VALUES (11360, 'АВАУ-12', 6);
INSERT INTO groups (id, name, institute_id) VALUES (11947, 'АВАУ-12', 6);
INSERT INTO groups (id, name, institute_id) VALUES (11361, 'АВАУ-13', 6);
INSERT INTO groups (id, name, institute_id) VALUES (11951, 'АВАУ-13', 6);
INSERT INTO groups (id, name, institute_id) VALUES (10678, 'АЕ-11', 6);
INSERT INTO groups (id, name, institute_id) VALUES (10686, 'АЕ-21', 6);
INSERT INTO groups (id, name, institute_id) VALUES (10693, 'АЕ-31', 6);
INSERT INTO groups (id, name, institute_id) VALUES (11056, 'АЕ-41', 6);
INSERT INTO groups (id, name, institute_id) VALUES (11046, 'ЕАП-31', 6);
INSERT INTO groups (id, name, institute_id) VALUES (11059, 'ЕАП-41', 6);
INSERT INTO groups (id, name, institute_id) VALUES (10674, 'ЕЕ-11', 6);
INSERT INTO groups (id, name, institute_id) VALUES (10675, 'ЕЕ-12', 6);
INSERT INTO groups (id, name, institute_id) VALUES (10676, 'ЕЕ-13', 6);
INSERT INTO groups (id, name, institute_id) VALUES (10682, 'ЕЕ-21', 6);
INSERT INTO groups (id, name, institute_id) VALUES (10683, 'ЕЕ-22', 6);
INSERT INTO groups (id, name, institute_id) VALUES (10684, 'ЕЕ-23', 6);
INSERT INTO groups (id, name, institute_id) VALUES (10685, 'ЕЕ-24', 6);
INSERT INTO groups (id, name, institute_id) VALUES (11065, 'ЕЕАЕ-11', 6);
INSERT INTO groups (id, name, institute_id) VALUES (11858, 'ЕЕАЕ-12', 6);
INSERT INTO groups (id, name, institute_id) VALUES (11067, 'ЕЕЕМ-11', 6);
INSERT INTO groups (id, name, institute_id) VALUES (11064, 'ЕЕЕП-11', 6);
INSERT INTO groups (id, name, institute_id) VALUES (11857, 'ЕЕЕП-12', 6);
INSERT INTO groups (id, name, institute_id) VALUES (11063, 'ЕЕЕС-11', 6);
INSERT INTO groups (id, name, institute_id) VALUES (11062, 'ЕЕСМ-11', 6);
INSERT INTO groups (id, name, institute_id) VALUES (11061, 'ЕЕСТ-11', 6);
INSERT INTO groups (id, name, institute_id) VALUES (11066, 'ЕЕСУ-11', 6);
INSERT INTO groups (id, name, institute_id) VALUES (11045, 'ЕКТ-31', 6);
INSERT INTO groups (id, name, institute_id) VALUES (11058, 'ЕКТ-41', 6);
INSERT INTO groups (id, name, institute_id) VALUES (11044, 'ЕМА-31', 6);
INSERT INTO groups (id, name, institute_id) VALUES (11057, 'ЕМА-41', 6);
INSERT INTO groups (id, name, institute_id) VALUES (11055, 'ЕНМ-41', 6);
INSERT INTO groups (id, name, institute_id) VALUES (11060, 'ЕПТ-41', 6);
INSERT INTO groups (id, name, institute_id) VALUES (10696, 'ЕСМ-31', 6);
INSERT INTO groups (id, name, institute_id) VALUES (11052, 'ЕСМ-41', 6);
INSERT INTO groups (id, name, institute_id) VALUES (10694, 'ЕСТ-31', 6);
INSERT INTO groups (id, name, institute_id) VALUES (11051, 'ЕСТ-41', 6);
INSERT INTO groups (id, name, institute_id) VALUES (10697, 'ЕТС-31', 6);
INSERT INTO groups (id, name, institute_id) VALUES (11053, 'ЕТС-41', 6);
INSERT INTO groups (id, name, institute_id) VALUES (10695, 'СВЕ-31', 6);
INSERT INTO groups (id, name, institute_id) VALUES (11054, 'СВЕ-41', 6);
INSERT INTO groups (id, name, institute_id) VALUES (10679, 'ТЕ-11', 6);
INSERT INTO groups (id, name, institute_id) VALUES (10687, 'ТЕ-21', 6);
INSERT INTO groups (id, name, institute_id) VALUES (11049, 'ТЕН-41', 6);
INSERT INTO groups (id, name, institute_id) VALUES (10692, 'ТЕС-31', 6);
INSERT INTO groups (id, name, institute_id) VALUES (11050, 'ТЕС-41', 6);
INSERT INTO groups (id, name, institute_id) VALUES (11392, 'ТЕТЕ-11', 6);
INSERT INTO groups (id, name, institute_id) VALUES (11391, 'ТЕТС-11', 6);
INSERT INTO groups (id, name, institute_id) VALUES (10984, 'АТ-11', 7);
INSERT INTO groups (id, name, institute_id) VALUES (10985, 'АТ-12', 7);
INSERT INTO groups (id, name, institute_id) VALUES (10983, 'АТ-13', 7);
INSERT INTO groups (id, name, institute_id) VALUES (11099, 'АТ-21', 7);
INSERT INTO groups (id, name, institute_id) VALUES (11100, 'АТ-22', 7);
INSERT INTO groups (id, name, institute_id) VALUES (10672, 'АТ-31', 7);
INSERT INTO groups (id, name, institute_id) VALUES (10673, 'АТ-32', 7);
INSERT INTO groups (id, name, institute_id) VALUES (10970, 'АТ-41', 7);
INSERT INTO groups (id, name, institute_id) VALUES (10971, 'АТ-42', 7);
INSERT INTO groups (id, name, institute_id) VALUES (10972, 'АТ-43', 7);
INSERT INTO groups (id, name, institute_id) VALUES (11394, 'АТСМ-11', 7);
INSERT INTO groups (id, name, institute_id) VALUES (10669, 'ЗВ-31', 7);
INSERT INTO groups (id, name, institute_id) VALUES (10975, 'ЗВ-31', 7);
INSERT INTO groups (id, name, institute_id) VALUES (10976, 'ЗВ-31', 7);
INSERT INTO groups (id, name, institute_id) VALUES (11474, 'ЗВ-41', 7);
INSERT INTO groups (id, name, institute_id) VALUES (11475, 'ЗВ-41', 7);
INSERT INTO groups (id, name, institute_id) VALUES (10663, 'ІЛС-31', 7);
INSERT INTO groups (id, name, institute_id) VALUES (10958, 'ІЛС-41', 7);
INSERT INTO groups (id, name, institute_id) VALUES (10666, 'КГТ-31', 7);
INSERT INTO groups (id, name, institute_id) VALUES (10961, 'КГТ-41', 7);
INSERT INTO groups (id, name, institute_id) VALUES (11350, 'ЛВ-31', 7);
INSERT INTO groups (id, name, institute_id) VALUES (11355, 'ЛВ-41', 7);
INSERT INTO groups (id, name, institute_id) VALUES (10986, 'МБ-11', 7);
INSERT INTO groups (id, name, institute_id) VALUES (11782, 'МБ-12', 7);
INSERT INTO groups (id, name, institute_id) VALUES (11451, 'МБ-21', 7);
INSERT INTO groups (id, name, institute_id) VALUES (11452, 'МБ-22', 7);
INSERT INTO groups (id, name, institute_id) VALUES (11453, 'МБ-22', 7);
INSERT INTO groups (id, name, institute_id) VALUES (11454, 'МБ-23', 7);
INSERT INTO groups (id, name, institute_id) VALUES (11370, 'МБЕП-11', 7);
INSERT INTO groups (id, name, institute_id) VALUES (11369, 'МБКГ-11', 7);
INSERT INTO groups (id, name, institute_id) VALUES (11371, 'МБПХ-11', 7);
INSERT INTO groups (id, name, institute_id) VALUES (11094, 'МЗ-21', 7);
INSERT INTO groups (id, name, institute_id) VALUES (11353, 'МЗ-31', 7);
INSERT INTO groups (id, name, institute_id) VALUES (11356, 'МЗ-41', 7);
INSERT INTO groups (id, name, institute_id) VALUES (11357, 'МЗПМ-11', 7);
INSERT INTO groups (id, name, institute_id) VALUES (11090, 'МЛ-11', 7);
INSERT INTO groups (id, name, institute_id) VALUES (11098, 'МЛ-21', 7);
INSERT INTO groups (id, name, institute_id) VALUES (11362, 'МП -23', 7);
INSERT INTO groups (id, name, institute_id) VALUES (10989, 'МП-11', 7);
INSERT INTO groups (id, name, institute_id) VALUES (10977, 'МП-21', 7);
INSERT INTO groups (id, name, institute_id) VALUES (10978, 'МП-22', 7);
INSERT INTO groups (id, name, institute_id) VALUES (10979, 'МП-22', 7);
INSERT INTO groups (id, name, institute_id) VALUES (11368, 'МПВП-11', 7);
INSERT INTO groups (id, name, institute_id) VALUES (11365, 'МПРС-11', 7);
INSERT INTO groups (id, name, institute_id) VALUES (11366, 'МПТМ-11', 7);
INSERT INTO groups (id, name, institute_id) VALUES (11367, 'МПТП-11', 7);
INSERT INTO groups (id, name, institute_id) VALUES (10665, 'МТП-31', 7);
INSERT INTO groups (id, name, institute_id) VALUES (10960, 'МТП-41', 7);
INSERT INTO groups (id, name, institute_id) VALUES (10671, 'ОДР-31', 7);
INSERT INTO groups (id, name, institute_id) VALUES (11784, 'ОДР-32', 7);
INSERT INTO groups (id, name, institute_id) VALUES (10968, 'ОДР-41', 7);
INSERT INTO groups (id, name, institute_id) VALUES (10969, 'ОДР-42', 7);
INSERT INTO groups (id, name, institute_id) VALUES (10667, 'ОЕП-31', 7);
INSERT INTO groups (id, name, institute_id) VALUES (10962, 'ОЕП-41', 7);
INSERT INTO groups (id, name, institute_id) VALUES (10964, 'ОЛП-41', 7);
INSERT INTO groups (id, name, institute_id) VALUES (10670, 'ОПТ-31', 7);
INSERT INTO groups (id, name, institute_id) VALUES (10966, 'ОПТ-41', 7);
INSERT INTO groups (id, name, institute_id) VALUES (10967, 'ОПТ-42', 7);
INSERT INTO groups (id, name, institute_id) VALUES (10668, 'ПХВ-31', 7);
INSERT INTO groups (id, name, institute_id) VALUES (10963, 'ПХВ-41', 7);
INSERT INTO groups (id, name, institute_id) VALUES (10664, 'ТМБ-31', 7);
INSERT INTO groups (id, name, institute_id) VALUES (10959, 'ТМБ-41', 7);
INSERT INTO groups (id, name, institute_id) VALUES (10992, 'ТТ-11', 7);
INSERT INTO groups (id, name, institute_id) VALUES (10993, 'ТТ-12', 7);
INSERT INTO groups (id, name, institute_id) VALUES (11781, 'ТТ-13', 7);
INSERT INTO groups (id, name, institute_id) VALUES (11101, 'ТТ-21', 7);
INSERT INTO groups (id, name, institute_id) VALUES (11102, 'ТТ-22', 7);
INSERT INTO groups (id, name, institute_id) VALUES (11372, 'ТТОП-11', 7);
INSERT INTO groups (id, name, institute_id) VALUES (11373, 'ТТОР-11', 7);
INSERT INTO groups (id, name, institute_id) VALUES (11783, 'ТТОР-12', 7);
INSERT INTO groups (id, name, institute_id) VALUES (10502, 'ВП-11', 8);
INSERT INTO groups (id, name, institute_id) VALUES (11149, 'ВП-21', 8);
INSERT INTO groups (id, name, institute_id) VALUES (11874, 'ВП-22', 8);
INSERT INTO groups (id, name, institute_id) VALUES (11169, 'ВП-31', 8);
INSERT INTO groups (id, name, institute_id) VALUES (11202, 'ВП-41', 8);
INSERT INTO groups (id, name, institute_id) VALUES (11401, 'ВПКТ-11', 8);
INSERT INTO groups (id, name, institute_id) VALUES (11735, 'ІІ-11', 8);
INSERT INTO groups (id, name, institute_id) VALUES (11798, 'ІТІТ-11', 8);
INSERT INTO groups (id, name, institute_id) VALUES (11809, 'ІТІТ-12', 8);
INSERT INTO groups (id, name, institute_id) VALUES (11239, 'КН-101', 8);
INSERT INTO groups (id, name, institute_id) VALUES (11240, 'КН-102', 8);
INSERT INTO groups (id, name, institute_id) VALUES (11241, 'КН-103', 8);
INSERT INTO groups (id, name, institute_id) VALUES (11242, 'КН-104', 8);
INSERT INTO groups (id, name, institute_id) VALUES (11243, 'КН-105', 8);
INSERT INTO groups (id, name, institute_id) VALUES (11244, 'КН-106', 8);
INSERT INTO groups (id, name, institute_id) VALUES (11676, 'КН-107', 8);
INSERT INTO groups (id, name, institute_id) VALUES (11677, 'КН-108', 8);
INSERT INTO groups (id, name, institute_id) VALUES (11678, 'КН-109', 8);
INSERT INTO groups (id, name, institute_id) VALUES (11679, 'КН-110', 8);
INSERT INTO groups (id, name, institute_id) VALUES (11680, 'КН-111', 8);
INSERT INTO groups (id, name, institute_id) VALUES (11681, 'КН-112', 8);
INSERT INTO groups (id, name, institute_id) VALUES (11682, 'КН-113', 8);
INSERT INTO groups (id, name, institute_id) VALUES (11133, 'КН-210', 8);
INSERT INTO groups (id, name, institute_id) VALUES (11135, 'КН-211', 8);
INSERT INTO groups (id, name, institute_id) VALUES (11136, 'КН-212', 8);
INSERT INTO groups (id, name, institute_id) VALUES (11137, 'КН-213', 8);
INSERT INTO groups (id, name, institute_id) VALUES (11138, 'КН-214', 8);
INSERT INTO groups (id, name, institute_id) VALUES (11139, 'КН-215', 8);
INSERT INTO groups (id, name, institute_id) VALUES (11140, 'КН-216', 8);
INSERT INTO groups (id, name, institute_id) VALUES (11141, 'КН-217', 8);
INSERT INTO groups (id, name, institute_id) VALUES (11142, 'КН-218', 8);
INSERT INTO groups (id, name, institute_id) VALUES (11143, 'КН-219', 8);
INSERT INTO groups (id, name, institute_id) VALUES (11144, 'КН-220', 8);
INSERT INTO groups (id, name, institute_id) VALUES (11145, 'КН-221', 8);
INSERT INTO groups (id, name, institute_id) VALUES (11146, 'КН-222', 8);
INSERT INTO groups (id, name, institute_id) VALUES (11159, 'КН-30', 8);
INSERT INTO groups (id, name, institute_id) VALUES (11160, 'КН-31', 8);
INSERT INTO groups (id, name, institute_id) VALUES (11161, 'КН-32', 8);
INSERT INTO groups (id, name, institute_id) VALUES (11162, 'КН-33', 8);
INSERT INTO groups (id, name, institute_id) VALUES (11251, 'КН-34', 8);
INSERT INTO groups (id, name, institute_id) VALUES (11252, 'КН-35', 8);
INSERT INTO groups (id, name, institute_id) VALUES (11253, 'КН-36', 8);
INSERT INTO groups (id, name, institute_id) VALUES (11254, 'КН-37', 8);
INSERT INTO groups (id, name, institute_id) VALUES (11255, 'КН-38', 8);
INSERT INTO groups (id, name, institute_id) VALUES (11178, 'КН-40', 8);
INSERT INTO groups (id, name, institute_id) VALUES (11179, 'КН-41', 8);
INSERT INTO groups (id, name, institute_id) VALUES (11180, 'КН-42', 8);
INSERT INTO groups (id, name, institute_id) VALUES (11182, 'КН-43', 8);
INSERT INTO groups (id, name, institute_id) VALUES (11183, 'КН-44', 8);
INSERT INTO groups (id, name, institute_id) VALUES (11184, 'КН-45', 8);
INSERT INTO groups (id, name, institute_id) VALUES (11188, 'КН-46', 8);
INSERT INTO groups (id, name, institute_id) VALUES (11190, 'КН-47', 8);
INSERT INTO groups (id, name, institute_id) VALUES (11191, 'КН-48', 8);
INSERT INTO groups (id, name, institute_id) VALUES (11380, 'КНІТ-11', 8);
INSERT INTO groups (id, name, institute_id) VALUES (11981, 'КНМ-11', 8);
INSERT INTO groups (id, name, institute_id) VALUES (11381, 'КНСП-11', 8);
INSERT INTO groups (id, name, institute_id) VALUES (11410, 'КНст-31', 8);
INSERT INTO groups (id, name, institute_id) VALUES (11411, 'КНст-32', 8);
INSERT INTO groups (id, name, institute_id) VALUES (11403, 'КНСШ-11', 8);
INSERT INTO groups (id, name, institute_id) VALUES (11404, 'КНСШ-12', 8);
INSERT INTO groups (id, name, institute_id) VALUES (11406, 'КНУП-11', 8);
INSERT INTO groups (id, name, institute_id) VALUES (11378, 'КНУС-11', 8);
INSERT INTO groups (id, name, institute_id) VALUES (11379, 'КНУС-12', 8);
INSERT INTO groups (id, name, institute_id) VALUES (10475, 'ПЗ-11', 8);
INSERT INTO groups (id, name, institute_id) VALUES (10476, 'ПЗ-12', 8);
INSERT INTO groups (id, name, institute_id) VALUES (10477, 'ПЗ-13', 8);
INSERT INTO groups (id, name, institute_id) VALUES (10478, 'ПЗ-14', 8);
INSERT INTO groups (id, name, institute_id) VALUES (11238, 'ПЗ-15', 8);
INSERT INTO groups (id, name, institute_id) VALUES (11736, 'ПЗ-16', 8);
INSERT INTO groups (id, name, institute_id) VALUES (11128, 'ПЗ-21', 8);
INSERT INTO groups (id, name, institute_id) VALUES (11129, 'ПЗ-22', 8);
INSERT INTO groups (id, name, institute_id) VALUES (11130, 'ПЗ-23', 8);
INSERT INTO groups (id, name, institute_id) VALUES (11131, 'ПЗ-24', 8);
INSERT INTO groups (id, name, institute_id) VALUES (11150, 'ПЗ-25', 8);
INSERT INTO groups (id, name, institute_id) VALUES (11852, 'ПЗІП-11', 8);
INSERT INTO groups (id, name, institute_id) VALUES (11853, 'ПЗМ-11', 8);
INSERT INTO groups (id, name, institute_id) VALUES (11164, 'ПІ-31', 8);
INSERT INTO groups (id, name, institute_id) VALUES (11165, 'ПІ-32', 8);
INSERT INTO groups (id, name, institute_id) VALUES (11166, 'ПІ-33', 8);
INSERT INTO groups (id, name, institute_id) VALUES (11167, 'ПІ-34', 8);
INSERT INTO groups (id, name, institute_id) VALUES (11168, 'ПІ-35', 8);
INSERT INTO groups (id, name, institute_id) VALUES (11195, 'ПІ-41', 8);
INSERT INTO groups (id, name, institute_id) VALUES (11197, 'ПІ-42', 8);
INSERT INTO groups (id, name, institute_id) VALUES (11198, 'ПІ-43', 8);
INSERT INTO groups (id, name, institute_id) VALUES (10500, 'СА-11', 8);
INSERT INTO groups (id, name, institute_id) VALUES (11689, 'СА-12', 8);
INSERT INTO groups (id, name, institute_id) VALUES (11147, 'СА-21', 8);
INSERT INTO groups (id, name, institute_id) VALUES (11148, 'СА-22', 8);
INSERT INTO groups (id, name, institute_id) VALUES (11157, 'СА-31', 8);
INSERT INTO groups (id, name, institute_id) VALUES (11158, 'СА-32', 8);
INSERT INTO groups (id, name, institute_id) VALUES (11176, 'СА-41', 8);
INSERT INTO groups (id, name, institute_id) VALUES (11177, 'СА-42', 8);
INSERT INTO groups (id, name, institute_id) VALUES (11831, 'САМ-11', 8);
INSERT INTO groups (id, name, institute_id) VALUES (11830, 'САСМ-11', 8);
INSERT INTO groups (id, name, institute_id) VALUES (10471, 'ФЛ-11', 8);
INSERT INTO groups (id, name, institute_id) VALUES (10472, 'ФЛ-12', 8);
INSERT INTO groups (id, name, institute_id) VALUES (10474, 'ФЛ-13', 8);
INSERT INTO groups (id, name, institute_id) VALUES (11235, 'ФЛ-14', 8);
INSERT INTO groups (id, name, institute_id) VALUES (11121, 'ФЛ-21', 8);
INSERT INTO groups (id, name, institute_id) VALUES (11122, 'ФЛ-22', 8);
INSERT INTO groups (id, name, institute_id) VALUES (11123, 'ФЛ-23', 8);
INSERT INTO groups (id, name, institute_id) VALUES (11124, 'ФЛ-24', 8);
INSERT INTO groups (id, name, institute_id) VALUES (11125, 'ФЛ-25', 8);
INSERT INTO groups (id, name, institute_id) VALUES (11126, 'ФЛ-26', 8);
INSERT INTO groups (id, name, institute_id) VALUES (11127, 'ФЛ-27', 8);
INSERT INTO groups (id, name, institute_id) VALUES (11151, 'ФЛ-31', 8);
INSERT INTO groups (id, name, institute_id) VALUES (11152, 'ФЛ-32', 8);
INSERT INTO groups (id, name, institute_id) VALUES (11153, 'ФЛ-33', 8);
INSERT INTO groups (id, name, institute_id) VALUES (11154, 'ФЛ-34', 8);
INSERT INTO groups (id, name, institute_id) VALUES (11155, 'ФЛ-35', 8);
INSERT INTO groups (id, name, institute_id) VALUES (11156, 'ФЛ-36', 8);
INSERT INTO groups (id, name, institute_id) VALUES (11170, 'ФЛ-41', 8);
INSERT INTO groups (id, name, institute_id) VALUES (11171, 'ФЛ-42', 8);
INSERT INTO groups (id, name, institute_id) VALUES (11172, 'ФЛ-43', 8);
INSERT INTO groups (id, name, institute_id) VALUES (11173, 'ФЛ-44', 8);
INSERT INTO groups (id, name, institute_id) VALUES (11174, 'ФЛ-45', 8);
INSERT INTO groups (id, name, institute_id) VALUES (11175, 'ФЛ-46', 8);
INSERT INTO groups (id, name, institute_id) VALUES (11374, 'ФЛПЛ-11', 8);
INSERT INTO groups (id, name, institute_id) VALUES (11375, 'ФЛПЛ-12', 8);
INSERT INTO groups (id, name, institute_id) VALUES (10557, 'АВКС-11', 9);
INSERT INTO groups (id, name, institute_id) VALUES (10542, 'БІ-31', 9);
INSERT INTO groups (id, name, institute_id) VALUES (10594, 'БІ-41', 9);
INSERT INTO groups (id, name, institute_id) VALUES (10543, 'ЗІ-31', 9);
INSERT INTO groups (id, name, institute_id) VALUES (10544, 'ЗІ-32', 9);
INSERT INTO groups (id, name, institute_id) VALUES (10595, 'ЗІ-41', 9);
INSERT INTO groups (id, name, institute_id) VALUES (10596, 'ЗІ-42', 9);
INSERT INTO groups (id, name, institute_id) VALUES (10644, 'ІР-11', 9);
INSERT INTO groups (id, name, institute_id) VALUES (11549, 'ІР-12', 9);
INSERT INTO groups (id, name, institute_id) VALUES (11550, 'ІР-13', 9);
INSERT INTO groups (id, name, institute_id) VALUES (10981, 'ІР-21', 9);
INSERT INTO groups (id, name, institute_id) VALUES (10982, 'ІР-22', 9);
INSERT INTO groups (id, name, institute_id) VALUES (10513, 'КБ-11', 9);
INSERT INTO groups (id, name, institute_id) VALUES (10514, 'КБ-12', 9);
INSERT INTO groups (id, name, institute_id) VALUES (10515, 'КБ-13', 9);
INSERT INTO groups (id, name, institute_id) VALUES (11552, 'КБ-14', 9);
INSERT INTO groups (id, name, institute_id) VALUES (11553, 'КБ-15', 9);
INSERT INTO groups (id, name, institute_id) VALUES (11554, 'КБ-16', 9);
INSERT INTO groups (id, name, institute_id) VALUES (10525, 'КБ-21', 9);
INSERT INTO groups (id, name, institute_id) VALUES (10526, 'КБ-22', 9);
INSERT INTO groups (id, name, institute_id) VALUES (10527, 'КБ-23', 9);
INSERT INTO groups (id, name, institute_id) VALUES (10528, 'КБ-24', 9);
INSERT INTO groups (id, name, institute_id) VALUES (10529, 'КБ-25', 9);
INSERT INTO groups (id, name, institute_id) VALUES (11919, 'КБ-26', 9);
INSERT INTO groups (id, name, institute_id) VALUES (10553, 'КББІ-11', 9);
INSERT INTO groups (id, name, institute_id) VALUES (10564, 'КБСТ-11', 9);
INSERT INTO groups (id, name, institute_id) VALUES (10563, 'КБУІ-11', 9);
INSERT INTO groups (id, name, institute_id) VALUES (10507, 'КІ-11', 9);
INSERT INTO groups (id, name, institute_id) VALUES (10508, 'КІ-12', 9);
INSERT INTO groups (id, name, institute_id) VALUES (10509, 'КІ-13', 9);
INSERT INTO groups (id, name, institute_id) VALUES (10510, 'КІ-14', 9);
INSERT INTO groups (id, name, institute_id) VALUES (10511, 'КІ-15', 9);
INSERT INTO groups (id, name, institute_id) VALUES (10512, 'КІ-16', 9);
INSERT INTO groups (id, name, institute_id) VALUES (11551, 'КІ-17', 9);
INSERT INTO groups (id, name, institute_id) VALUES (10518, 'КІ-21', 9);
INSERT INTO groups (id, name, institute_id) VALUES (10519, 'КІ-22', 9);
INSERT INTO groups (id, name, institute_id) VALUES (10520, 'КІ-23', 9);
INSERT INTO groups (id, name, institute_id) VALUES (10521, 'КІ-24', 9);
INSERT INTO groups (id, name, institute_id) VALUES (10522, 'КІ-25', 9);
INSERT INTO groups (id, name, institute_id) VALUES (10523, 'КІ-26', 9);
INSERT INTO groups (id, name, institute_id) VALUES (10524, 'КІ-27', 9);
INSERT INTO groups (id, name, institute_id) VALUES (10532, 'КІ-31', 9);
INSERT INTO groups (id, name, institute_id) VALUES (10533, 'КІ-32', 9);
INSERT INTO groups (id, name, institute_id) VALUES (10534, 'КІ-33', 9);
INSERT INTO groups (id, name, institute_id) VALUES (10535, 'КІ-34', 9);
INSERT INTO groups (id, name, institute_id) VALUES (10536, 'КІ-35', 9);
INSERT INTO groups (id, name, institute_id) VALUES (10583, 'КІ-41', 9);
INSERT INTO groups (id, name, institute_id) VALUES (10584, 'КІ-42', 9);
INSERT INTO groups (id, name, institute_id) VALUES (10585, 'КІ-43', 9);
INSERT INTO groups (id, name, institute_id) VALUES (10586, 'КІ-44', 9);
INSERT INTO groups (id, name, institute_id) VALUES (10587, 'КІ-45', 9);
INSERT INTO groups (id, name, institute_id) VALUES (10588, 'КІ-46', 9);
INSERT INTO groups (id, name, institute_id) VALUES (10547, 'КІКС-11', 9);
INSERT INTO groups (id, name, institute_id) VALUES (10548, 'КІКС-12', 9);
INSERT INTO groups (id, name, institute_id) VALUES (10551, 'КІСК-11', 9);
INSERT INTO groups (id, name, institute_id) VALUES (10552, 'КІСК-12', 9);
INSERT INTO groups (id, name, institute_id) VALUES (10550, 'КІСП-11', 9);
INSERT INTO groups (id, name, institute_id) VALUES (10546, 'КНУО-11', 9);
INSERT INTO groups (id, name, institute_id) VALUES (10540, 'МС-31', 9);
INSERT INTO groups (id, name, institute_id) VALUES (10592, 'МС-41', 9);
INSERT INTO groups (id, name, institute_id) VALUES (10517, 'МТ-11', 9);
INSERT INTO groups (id, name, institute_id) VALUES (10530, 'МТ-21', 9);
INSERT INTO groups (id, name, institute_id) VALUES (10531, 'МТ-22', 9);
INSERT INTO groups (id, name, institute_id) VALUES (10539, 'МТ-31', 9);
INSERT INTO groups (id, name, institute_id) VALUES (10591, 'МТ-41', 9);
INSERT INTO groups (id, name, institute_id) VALUES (10561, 'МТІТ-11', 9);
INSERT INTO groups (id, name, institute_id) VALUES (10558, 'МТМВ-11', 9);
INSERT INTO groups (id, name, institute_id) VALUES (10560, 'МТМЗ-11', 9);
INSERT INTO groups (id, name, institute_id) VALUES (10559, 'МТПС-11', 9);
INSERT INTO groups (id, name, institute_id) VALUES (10562, 'МТЯС-11', 9);
INSERT INTO groups (id, name, institute_id) VALUES (10541, 'ПР-31', 9);
INSERT INTO groups (id, name, institute_id) VALUES (10593, 'ПР-41', 9);
INSERT INTO groups (id, name, institute_id) VALUES (10537, 'СІ-31', 9);
INSERT INTO groups (id, name, institute_id) VALUES (10538, 'СІ-32', 9);
INSERT INTO groups (id, name, institute_id) VALUES (10589, 'СІ-41', 9);
INSERT INTO groups (id, name, institute_id) VALUES (10590, 'СІ-42', 9);
INSERT INTO groups (id, name, institute_id) VALUES (10545, 'УІ-31', 9);
INSERT INTO groups (id, name, institute_id) VALUES (10597, 'УІ-41', 9);
INSERT INTO groups (id, name, institute_id) VALUES (10598, 'УІ-42', 9);
INSERT INTO groups (id, name, institute_id) VALUES (11332, 'ІФ-31', 10);
INSERT INTO groups (id, name, institute_id) VALUES (11338, 'ІФ-41', 10);
INSERT INTO groups (id, name, institute_id) VALUES (11342, 'КНІК-11', 10);
INSERT INTO groups (id, name, institute_id) VALUES (11320, 'МВ-25', 10);
INSERT INTO groups (id, name, institute_id) VALUES (11321, 'МВ-26', 10);
INSERT INTO groups (id, name, institute_id) VALUES (11343, 'МВМІ-11', 10);
INSERT INTO groups (id, name, institute_id) VALUES (11319, 'МІ-11', 10);
INSERT INTO groups (id, name, institute_id) VALUES (11326, 'МІ-31', 10);
INSERT INTO groups (id, name, institute_id) VALUES (11327, 'МІ-32', 10);
INSERT INTO groups (id, name, institute_id) VALUES (11328, 'МІ-33', 10);
INSERT INTO groups (id, name, institute_id) VALUES (11333, 'МІ-41', 10);
INSERT INTO groups (id, name, institute_id) VALUES (11334, 'МІ-42', 10);
INSERT INTO groups (id, name, institute_id) VALUES (11316, 'ПМ-11', 10);
INSERT INTO groups (id, name, institute_id) VALUES (11317, 'ПМ-12', 10);
INSERT INTO groups (id, name, institute_id) VALUES (11318, 'ПМ-13', 10);
INSERT INTO groups (id, name, institute_id) VALUES (11323, 'ПМ-21', 10);
INSERT INTO groups (id, name, institute_id) VALUES (11324, 'ПМ-22', 10);
INSERT INTO groups (id, name, institute_id) VALUES (11325, 'ПМ-23', 10);
INSERT INTO groups (id, name, institute_id) VALUES (11330, 'ПМ-31', 10);
INSERT INTO groups (id, name, institute_id) VALUES (11331, 'ПМ-32', 10);
INSERT INTO groups (id, name, institute_id) VALUES (11336, 'ПМ-41', 10);
INSERT INTO groups (id, name, institute_id) VALUES (11337, 'ПМ-42', 10);
INSERT INTO groups (id, name, institute_id) VALUES (11418, 'ПМКМ-11', 10);
INSERT INTO groups (id, name, institute_id) VALUES (11340, 'ПМПМ-11', 10);
INSERT INTO groups (id, name, institute_id) VALUES (11315, 'ПФ-11', 10);
INSERT INTO groups (id, name, institute_id) VALUES (11322, 'ПФ-21', 10);
INSERT INTO groups (id, name, institute_id) VALUES (11329, 'ПФ-31', 10);
INSERT INTO groups (id, name, institute_id) VALUES (11335, 'ПФ-41', 10);
INSERT INTO groups (id, name, institute_id) VALUES (11339, 'ПФГВ-11', 10);
INSERT INTO groups (id, name, institute_id) VALUES (10930, 'ЕВ-11', 5);
INSERT INTO groups (id, name, institute_id) VALUES (11683, 'ЕВ-12', 5);
INSERT INTO groups (id, name, institute_id) VALUES (11684, 'ЕВ-13', 5);
INSERT INTO groups (id, name, institute_id) VALUES (11685, 'ЕВ-14', 5);
INSERT INTO groups (id, name, institute_id) VALUES (10905, 'ЕВ-21', 5);
INSERT INTO groups (id, name, institute_id) VALUES (10906, 'ЕВ-22', 5);
INSERT INTO groups (id, name, institute_id) VALUES (11880, 'ЕВ-23', 5);
INSERT INTO groups (id, name, institute_id) VALUES (11523, 'ЕВМЕ-11', 5);
INSERT INTO groups (id, name, institute_id) VALUES (11778, 'ЕВМЕ-12', 5);
INSERT INTO groups (id, name, institute_id) VALUES (10698, 'ЕК-11', 5);
INSERT INTO groups (id, name, institute_id) VALUES (11686, 'ЕК-12', 5);
INSERT INTO groups (id, name, institute_id) VALUES (10786, 'ЕК-21', 5);
INSERT INTO groups (id, name, institute_id) VALUES (10907, 'ЕК-22', 5);
INSERT INTO groups (id, name, institute_id) VALUES (10831, 'ЕКЕП-11', 5);
INSERT INTO groups (id, name, institute_id) VALUES (10837, 'ЕКЕП-12', 5);
INSERT INTO groups (id, name, institute_id) VALUES (11916, 'ЕКЕП-12', 5);
INSERT INTO groups (id, name, institute_id) VALUES (10839, 'ЕКПЕ-11', 5);
INSERT INTO groups (id, name, institute_id) VALUES (10917, 'ЕП-31', 5);
INSERT INTO groups (id, name, institute_id) VALUES (11464, 'ЕП-32', 5);
INSERT INTO groups (id, name, institute_id) VALUES (11871, 'ЕП-33', 5);
INSERT INTO groups (id, name, institute_id) VALUES (11498, 'ЕП-41', 5);
INSERT INTO groups (id, name, institute_id) VALUES (11499, 'ЕП-42', 5);
INSERT INTO groups (id, name, institute_id) VALUES (11500, 'ЕП-43', 5);
INSERT INTO groups (id, name, institute_id) VALUES (11354, 'ЛОГ-41', 5);
INSERT INTO groups (id, name, institute_id) VALUES (10909, 'МА-31', 5);
INSERT INTO groups (id, name, institute_id) VALUES (10911, 'МА-32', 5);
INSERT INTO groups (id, name, institute_id) VALUES (10913, 'МА-33', 5);
INSERT INTO groups (id, name, institute_id) VALUES (10915, 'МА-34', 5);
INSERT INTO groups (id, name, institute_id) VALUES (10931, 'МА-41', 5);
INSERT INTO groups (id, name, institute_id) VALUES (11459, 'МА-42', 5);
INSERT INTO groups (id, name, institute_id) VALUES (11460, 'МА-43', 5);
INSERT INTO groups (id, name, institute_id) VALUES (11461, 'МА-44', 5);
INSERT INTO groups (id, name, institute_id) VALUES (10701, 'МЕ-11', 5);
INSERT INTO groups (id, name, institute_id) VALUES (10702, 'МЕ-12', 5);
INSERT INTO groups (id, name, institute_id) VALUES (10703, 'МЕ-13', 5);
INSERT INTO groups (id, name, institute_id) VALUES (10704, 'МЕ-14', 5);
INSERT INTO groups (id, name, institute_id) VALUES (11694, 'МЕ-15', 5);
INSERT INTO groups (id, name, institute_id) VALUES (11695, 'МЕ-16', 5);
INSERT INTO groups (id, name, institute_id) VALUES (10705, 'МЕ-21', 5);
INSERT INTO groups (id, name, institute_id) VALUES (10706, 'МЕ-22', 5);
INSERT INTO groups (id, name, institute_id) VALUES (10707, 'МЕ-23', 5);
INSERT INTO groups (id, name, institute_id) VALUES (10708, 'МЕ-24', 5);
INSERT INTO groups (id, name, institute_id) VALUES (10709, 'МЕ-25', 5);
INSERT INTO groups (id, name, institute_id) VALUES (10712, 'МЕ-26', 5);
INSERT INTO groups (id, name, institute_id) VALUES (10714, 'МЕ-27', 5);
INSERT INTO groups (id, name, institute_id) VALUES (10716, 'МЕ-28', 5);
INSERT INTO groups (id, name, institute_id) VALUES (10718, 'МЕ-31', 5);
INSERT INTO groups (id, name, institute_id) VALUES (10719, 'МЕ-32', 5);
INSERT INTO groups (id, name, institute_id) VALUES (10720, 'МЕ-33', 5);
INSERT INTO groups (id, name, institute_id) VALUES (10721, 'МЕ-34', 5);
INSERT INTO groups (id, name, institute_id) VALUES (10724, 'МЕ-35', 5);
INSERT INTO groups (id, name, institute_id) VALUES (10726, 'МЕ-36', 5);
INSERT INTO groups (id, name, institute_id) VALUES (10727, 'МЕ-37', 5);
INSERT INTO groups (id, name, institute_id) VALUES (11489, 'МЕБА-11', 5);
INSERT INTO groups (id, name, institute_id) VALUES (11484, 'МЕЗД-11', 5);
INSERT INTO groups (id, name, institute_id) VALUES (11486, 'МЕЗД-12', 5);
INSERT INTO groups (id, name, institute_id) VALUES (11483, 'МЕІД-11', 5);
INSERT INTO groups (id, name, institute_id) VALUES (11487, 'МЕЛГ-11', 5);
INSERT INTO groups (id, name, institute_id) VALUES (11488, 'МЕЛГ-12', 5);
INSERT INTO groups (id, name, institute_id) VALUES (11480, 'МЕОА-11', 5);
INSERT INTO groups (id, name, institute_id) VALUES (11481, 'МЕОА-12', 5);
INSERT INTO groups (id, name, institute_id) VALUES (11482, 'МЕОА-13', 5);
INSERT INTO groups (id, name, institute_id) VALUES (11490, 'МЕУІ-11', 5);
INSERT INTO groups (id, name, institute_id) VALUES (11348, 'МЗД-41', 5);
INSERT INTO groups (id, name, institute_id) VALUES (11349, 'МЗД-42', 5);
INSERT INTO groups (id, name, institute_id) VALUES (11351, 'МЗД-43', 5);
INSERT INTO groups (id, name, institute_id) VALUES (11347, 'МІД-41', 5);
INSERT INTO groups (id, name, institute_id) VALUES (10740, 'МК-11', 5);
INSERT INTO groups (id, name, institute_id) VALUES (11693, 'МК-12', 5);
INSERT INTO groups (id, name, institute_id) VALUES (10902, 'МК-21', 5);
INSERT INTO groups (id, name, institute_id) VALUES (10903, 'МК-22', 5);
INSERT INTO groups (id, name, institute_id) VALUES (10920, 'МК-31', 5);
INSERT INTO groups (id, name, institute_id) VALUES (10921, 'МК-32', 5);
INSERT INTO groups (id, name, institute_id) VALUES (11502, 'МК-41', 5);
INSERT INTO groups (id, name, institute_id) VALUES (11503, 'МК-42', 5);
INSERT INTO groups (id, name, institute_id) VALUES (11521, 'МКМА-11', 5);
INSERT INTO groups (id, name, institute_id) VALUES (11522, 'МКМА-12', 5);
INSERT INTO groups (id, name, institute_id) VALUES (11971, 'МКМА-12', 5);
INSERT INTO groups (id, name, institute_id) VALUES (11345, 'МОР-41', 5);
INSERT INTO groups (id, name, institute_id) VALUES (11346, 'МОР-42', 5);
INSERT INTO groups (id, name, institute_id) VALUES (10926, 'ОА-31', 5);
INSERT INTO groups (id, name, institute_id) VALUES (10927, 'ОА-32', 5);
INSERT INTO groups (id, name, institute_id) VALUES (10928, 'ОА-33', 5);
INSERT INTO groups (id, name, institute_id) VALUES (10929, 'ОА-34', 5);
INSERT INTO groups (id, name, institute_id) VALUES (11508, 'ОА-41', 5);
INSERT INTO groups (id, name, institute_id) VALUES (11509, 'ОА-42', 5);
INSERT INTO groups (id, name, institute_id) VALUES (11510, 'ОА-43', 5);
INSERT INTO groups (id, name, institute_id) VALUES (10699, 'ОП-11', 5);
INSERT INTO groups (id, name, institute_id) VALUES (10700, 'ОП-12', 5);
INSERT INTO groups (id, name, institute_id) VALUES (11687, 'ОП-13', 5);
INSERT INTO groups (id, name, institute_id) VALUES (10711, 'ОП-14', 5);
INSERT INTO groups (id, name, institute_id) VALUES (10870, 'ОП-21', 5);
INSERT INTO groups (id, name, institute_id) VALUES (10887, 'ОП-22', 5);
INSERT INTO groups (id, name, institute_id) VALUES (10892, 'ОП-23', 5);
INSERT INTO groups (id, name, institute_id) VALUES (10904, 'ОП-24', 5);
INSERT INTO groups (id, name, institute_id) VALUES (11515, 'ОПАГ-11', 5);
INSERT INTO groups (id, name, institute_id) VALUES (11516, 'ОПАГ-12', 5);
INSERT INTO groups (id, name, institute_id) VALUES (11517, 'ОПАГ-13', 5);
INSERT INTO groups (id, name, institute_id) VALUES (11352, 'УЕК-41', 5);
INSERT INTO groups (id, name, institute_id) VALUES (10919, 'УП-31', 5);
INSERT INTO groups (id, name, institute_id) VALUES (11501, 'УП-41', 5);
INSERT INTO groups (id, name, institute_id) VALUES (10715, 'ФБ-11', 5);
INSERT INTO groups (id, name, institute_id) VALUES (10731, 'ФБ-12', 5);
INSERT INTO groups (id, name, institute_id) VALUES (11688, 'ФБ-13', 5);
INSERT INTO groups (id, name, institute_id) VALUES (11705, 'ФБ-14', 5);
INSERT INTO groups (id, name, institute_id) VALUES (10898, 'ФБ-21', 5);
INSERT INTO groups (id, name, institute_id) VALUES (10899, 'ФБ-22', 5);
INSERT INTO groups (id, name, institute_id) VALUES (10900, 'ФБ-23', 5);
INSERT INTO groups (id, name, institute_id) VALUES (11518, 'ФБСС-11', 5);
INSERT INTO groups (id, name, institute_id) VALUES (11900, 'ФБСС-12', 5);
INSERT INTO groups (id, name, institute_id) VALUES (11519, 'ФБСС-13', 5);
INSERT INTO groups (id, name, institute_id) VALUES (11520, 'ФБСС-14', 5);
INSERT INTO groups (id, name, institute_id) VALUES (10922, 'ФК-31', 5);
INSERT INTO groups (id, name, institute_id) VALUES (10923, 'ФК-32', 5);
INSERT INTO groups (id, name, institute_id) VALUES (10924, 'ФК-33', 5);
INSERT INTO groups (id, name, institute_id) VALUES (10925, 'ФК-34', 5);
INSERT INTO groups (id, name, institute_id) VALUES (11504, 'ФК-41', 5);
INSERT INTO groups (id, name, institute_id) VALUES (11505, 'ФК-42', 5);
INSERT INTO groups (id, name, institute_id) VALUES (11506, 'ФК-43', 5);
INSERT INTO groups (id, name, institute_id) VALUES (11507, 'ФК-44', 5);
INSERT INTO groups (id, name, institute_id) VALUES (10746, 'ЖР-11', 18);
INSERT INTO groups (id, name, institute_id) VALUES (11465, 'ЖР-12', 18);
INSERT INTO groups (id, name, institute_id) VALUES (10757, 'ЖР-21', 18);
INSERT INTO groups (id, name, institute_id) VALUES (10759, 'ЖР-22', 18);
INSERT INTO groups (id, name, institute_id) VALUES (10776, 'ЖР-31', 18);
INSERT INTO groups (id, name, institute_id) VALUES (10777, 'ЖР-32', 18);
INSERT INTO groups (id, name, institute_id) VALUES (11478, 'ЖРЗВ-11', 18);
INSERT INTO groups (id, name, institute_id) VALUES (11737, 'ЖРЗВ-12', 18);
INSERT INTO groups (id, name, institute_id) VALUES (11457, 'ЖУР-41', 18);
INSERT INTO groups (id, name, institute_id) VALUES (11458, 'ЖУР-42', 18);
INSERT INTO groups (id, name, institute_id) VALUES (11479, 'МЕУН-11', 18);
INSERT INTO groups (id, name, institute_id) VALUES (11927, 'НОПН-11', 18);
INSERT INTO groups (id, name, institute_id) VALUES (10747, 'ПВ-11', 18);
INSERT INTO groups (id, name, institute_id) VALUES (10748, 'ПВ-12', 18);
INSERT INTO groups (id, name, institute_id) VALUES (11462, 'ПВ-13', 18);
INSERT INTO groups (id, name, institute_id) VALUES (11463, 'ПВ-14', 18);
INSERT INTO groups (id, name, institute_id) VALUES (11699, 'ПВ-15', 18);
INSERT INTO groups (id, name, institute_id) VALUES (11700, 'ПВ-16', 18);
INSERT INTO groups (id, name, institute_id) VALUES (11701, 'ПВ-17', 18);
INSERT INTO groups (id, name, institute_id) VALUES (10760, 'ПВ-21', 18);
INSERT INTO groups (id, name, institute_id) VALUES (10761, 'ПВ-22', 18);
INSERT INTO groups (id, name, institute_id) VALUES (10763, 'ПВ-23', 18);
INSERT INTO groups (id, name, institute_id) VALUES (10764, 'ПВ-24', 18);
INSERT INTO groups (id, name, institute_id) VALUES (10766, 'ПВ-25', 18);
INSERT INTO groups (id, name, institute_id) VALUES (10768, 'ПВ-26', 18);
INSERT INTO groups (id, name, institute_id) VALUES (10778, 'ПВ-31', 18);
INSERT INTO groups (id, name, institute_id) VALUES (10779, 'ПВ-32', 18);
INSERT INTO groups (id, name, institute_id) VALUES (10780, 'ПВ-33', 18);
INSERT INTO groups (id, name, institute_id) VALUES (10781, 'ПВ-34', 18);
INSERT INTO groups (id, name, institute_id) VALUES (10782, 'ПВ-35', 18);
INSERT INTO groups (id, name, institute_id) VALUES (10783, 'ПВ-36', 18);
INSERT INTO groups (id, name, institute_id) VALUES (10784, 'ПВ-37', 18);
INSERT INTO groups (id, name, institute_id) VALUES (10785, 'ПВ-38', 18);
INSERT INTO groups (id, name, institute_id) VALUES (11407, 'ПВ-39', 18);
INSERT INTO groups (id, name, institute_id) VALUES (10798, 'ПВ-41', 18);
INSERT INTO groups (id, name, institute_id) VALUES (10799, 'ПВ-42', 18);
INSERT INTO groups (id, name, institute_id) VALUES (10801, 'ПВ-43', 18);
INSERT INTO groups (id, name, institute_id) VALUES (10804, 'ПВ-44', 18);
INSERT INTO groups (id, name, institute_id) VALUES (10805, 'ПВ-45', 18);
INSERT INTO groups (id, name, institute_id) VALUES (10806, 'ПВ-46', 18);
INSERT INTO groups (id, name, institute_id) VALUES (10807, 'ПВ-47', 18);
INSERT INTO groups (id, name, institute_id) VALUES (10808, 'ПВ-48', 18);
INSERT INTO groups (id, name, institute_id) VALUES (10810, 'ПВ-49', 18);
INSERT INTO groups (id, name, institute_id) VALUES (11834, 'ПВПР-11', 18);
INSERT INTO groups (id, name, institute_id) VALUES (11842, 'ПВПР-12', 18);
INSERT INTO groups (id, name, institute_id) VALUES (11838, 'ПВПР-13', 18);
INSERT INTO groups (id, name, institute_id) VALUES (11844, 'ПВПР-14', 18);
INSERT INTO groups (id, name, institute_id) VALUES (11836, 'ПВПР-15', 18);
INSERT INTO groups (id, name, institute_id) VALUES (11839, 'ПВПР-16', 18);
INSERT INTO groups (id, name, institute_id) VALUES (11845, 'ПВПР-17', 18);
INSERT INTO groups (id, name, institute_id) VALUES (11528, 'ПО-11', 18);
INSERT INTO groups (id, name, institute_id) VALUES (10772, 'ПП-31', 18);
INSERT INTO groups (id, name, institute_id) VALUES (10774, 'ПП-32', 18);
INSERT INTO groups (id, name, institute_id) VALUES (11455, 'ПП-41', 18);
INSERT INTO groups (id, name, institute_id) VALUES (11456, 'ПП-42', 18);
INSERT INTO groups (id, name, institute_id) VALUES (10745, 'ПС-11', 18);
INSERT INTO groups (id, name, institute_id) VALUES (11466, 'ПС-12', 18);
INSERT INTO groups (id, name, institute_id) VALUES (11467, 'ПС-13', 18);
INSERT INTO groups (id, name, institute_id) VALUES (11468, 'ПС-14', 18);
INSERT INTO groups (id, name, institute_id) VALUES (11696, 'ПС-15', 18);
INSERT INTO groups (id, name, institute_id) VALUES (11697, 'ПС-16', 18);
INSERT INTO groups (id, name, institute_id) VALUES (10751, 'ПС-21', 18);
INSERT INTO groups (id, name, institute_id) VALUES (10752, 'ПС-22', 18);
INSERT INTO groups (id, name, institute_id) VALUES (10754, 'ПС-23', 18);
INSERT INTO groups (id, name, institute_id) VALUES (10755, 'ПС-24', 18);
INSERT INTO groups (id, name, institute_id) VALUES (10769, 'ПС-31', 18);
INSERT INTO groups (id, name, institute_id) VALUES (10770, 'ПС-32', 18);
INSERT INTO groups (id, name, institute_id) VALUES (10771, 'ПС-33', 18);
INSERT INTO groups (id, name, institute_id) VALUES (11494, 'ПСПС-11', 18);
INSERT INTO groups (id, name, institute_id) VALUES (11495, 'ПСПС-12', 18);
INSERT INTO groups (id, name, institute_id) VALUES (11086, 'ЕКА-31', 24);
INSERT INTO groups (id, name, institute_id) VALUES (11083, 'ЕКА-41', 24);
INSERT INTO groups (id, name, institute_id) VALUES (11084, 'ЕКО-31', 24);
INSERT INTO groups (id, name, institute_id) VALUES (11081, 'ЕКО-41', 24);
INSERT INTO groups (id, name, institute_id) VALUES (10939, 'ЕО-11', 24);
INSERT INTO groups (id, name, institute_id) VALUES (10946, 'ЕО-21', 24);
INSERT INTO groups (id, name, institute_id) VALUES (11208, 'ЕОЕК-11', 24);
INSERT INTO groups (id, name, institute_id) VALUES (11207, 'ЕОЕС-11', 24);
INSERT INTO groups (id, name, institute_id) VALUES (11080, 'МПД-41', 24);
INSERT INTO groups (id, name, institute_id) VALUES (11085, 'ПЕП-31', 24);
INSERT INTO groups (id, name, institute_id) VALUES (11082, 'ПЕП-41', 24);
INSERT INTO groups (id, name, institute_id) VALUES (10938, 'ПТ-11', 24);
INSERT INTO groups (id, name, institute_id) VALUES (10945, 'ПТ-21', 24);
INSERT INTO groups (id, name, institute_id) VALUES (11712, 'ПТПБ-11', 24);
INSERT INTO groups (id, name, institute_id) VALUES (10941, 'ТЗ-11', 24);
INSERT INTO groups (id, name, institute_id) VALUES (10947, 'ТЗ-21', 24);
INSERT INTO groups (id, name, institute_id) VALUES (11210, 'ТЗПЕ-11', 24);
INSERT INTO groups (id, name, institute_id) VALUES (10951, 'ТП-31', 24);
INSERT INTO groups (id, name, institute_id) VALUES (10942, 'ТУ-11', 24);
INSERT INTO groups (id, name, institute_id) VALUES (11485, 'ТУ-12', 24);
INSERT INTO groups (id, name, institute_id) VALUES (11547, 'ТУ-13', 24);
INSERT INTO groups (id, name, institute_id) VALUES (11548, 'ТУ-14', 24);
INSERT INTO groups (id, name, institute_id) VALUES (10948, 'ТУ-21', 24);
INSERT INTO groups (id, name, institute_id) VALUES (10949, 'ТУ-22', 24);
INSERT INTO groups (id, name, institute_id) VALUES (10950, 'ТУ-23', 24);
INSERT INTO groups (id, name, institute_id) VALUES (10952, 'ТУ-31', 24);
INSERT INTO groups (id, name, institute_id) VALUES (10953, 'ТУ-32', 24);
INSERT INTO groups (id, name, institute_id) VALUES (10954, 'ТУ-33', 24);
INSERT INTO groups (id, name, institute_id) VALUES (10955, 'ТУ-41', 24);
INSERT INTO groups (id, name, institute_id) VALUES (10956, 'ТУ-42', 24);
INSERT INTO groups (id, name, institute_id) VALUES (10957, 'ТУ-43', 24);
INSERT INTO groups (id, name, institute_id) VALUES (11740, 'ТУТД-11', 24);
INSERT INTO groups (id, name, institute_id) VALUES (11739, 'ТУТД-12', 24);
INSERT INTO groups (id, name, institute_id) VALUES (10943, 'ЦБ-11', 24);
INSERT INTO groups (id, name, institute_id) VALUES (10624, 'АН-11', 11);
INSERT INTO groups (id, name, institute_id) VALUES (10622, 'БІ-11', 11);
INSERT INTO groups (id, name, institute_id) VALUES (10625, 'БІ-21', 11);
INSERT INTO groups (id, name, institute_id) VALUES (10642, 'БІБМ-11', 11);
INSERT INTO groups (id, name, institute_id) VALUES (10623, 'ЕЛ-11', 11);
INSERT INTO groups (id, name, institute_id) VALUES (10626, 'ЕЛ-21', 11);
INSERT INTO groups (id, name, institute_id) VALUES (10628, 'ЕЛ-31', 11);
INSERT INTO groups (id, name, institute_id) VALUES (10634, 'ЕЛ-41', 11);
INSERT INTO groups (id, name, institute_id) VALUES (10643, 'ЕЛЕП-11', 11);
INSERT INTO groups (id, name, institute_id) VALUES (11726, 'ІК-11', 11);
INSERT INTO groups (id, name, institute_id) VALUES (10621, 'МН-11', 11);
INSERT INTO groups (id, name, institute_id) VALUES (10416, 'МН-21', 11);
INSERT INTO groups (id, name, institute_id) VALUES (10627, 'МН-31', 11);
INSERT INTO groups (id, name, institute_id) VALUES (10633, 'МН-41', 11);
INSERT INTO groups (id, name, institute_id) VALUES (10639, 'МНЛО-11', 11);
INSERT INTO groups (id, name, institute_id) VALUES (10640, 'МННА-11', 11);
INSERT INTO groups (id, name, institute_id) VALUES (10641, 'МНФБ-11', 11);
INSERT INTO groups (id, name, institute_id) VALUES (10632, 'ОТ-31', 11);
INSERT INTO groups (id, name, institute_id) VALUES (11359, 'ОТ-41', 11);
INSERT INTO groups (id, name, institute_id) VALUES (10631, 'РА-31', 11);
INSERT INTO groups (id, name, institute_id) VALUES (10637, 'РА-41', 11);
INSERT INTO groups (id, name, institute_id) VALUES (10638, 'РА-41', 11);
INSERT INTO groups (id, name, institute_id) VALUES (10629, 'РТ-31', 11);
INSERT INTO groups (id, name, institute_id) VALUES (10630, 'РТ-32', 11);
INSERT INTO groups (id, name, institute_id) VALUES (10635, 'РТ-41', 11);
INSERT INTO groups (id, name, institute_id) VALUES (10636, 'РТ-42', 11);
INSERT INTO groups (id, name, institute_id) VALUES (10611, 'ТК-31', 11);
INSERT INTO groups (id, name, institute_id) VALUES (10612, 'ТК-32', 11);
INSERT INTO groups (id, name, institute_id) VALUES (10613, 'ТК-33', 11);
INSERT INTO groups (id, name, institute_id) VALUES (10614, 'ТК-34', 11);
INSERT INTO groups (id, name, institute_id) VALUES (10599, 'ТР-11', 11);
INSERT INTO groups (id, name, institute_id) VALUES (10600, 'ТР-12', 11);
INSERT INTO groups (id, name, institute_id) VALUES (10601, 'ТР-13', 11);
INSERT INTO groups (id, name, institute_id) VALUES (10605, 'ТР-21', 11);
INSERT INTO groups (id, name, institute_id) VALUES (10606, 'ТР-22', 11);
INSERT INTO groups (id, name, institute_id) VALUES (10607, 'ТР-23', 11);
INSERT INTO groups (id, name, institute_id) VALUES (10608, 'ТР-24', 11);
INSERT INTO groups (id, name, institute_id) VALUES (10609, 'ТР-25', 11);
INSERT INTO groups (id, name, institute_id) VALUES (10610, 'ТР-26', 11);
INSERT INTO groups (id, name, institute_id) VALUES (10571, 'ТРАР-11', 11);
INSERT INTO groups (id, name, institute_id) VALUES (10565, 'ТРІМ-11', 11);
INSERT INTO groups (id, name, institute_id) VALUES (11886, 'ТРІМ-12', 11);
INSERT INTO groups (id, name, institute_id) VALUES (10567, 'ТРРА-11', 11);
INSERT INTO groups (id, name, institute_id) VALUES (10572, 'ТРРП-11', 11);
INSERT INTO groups (id, name, institute_id) VALUES (10568, 'ТРТЕ-11', 11);
INSERT INTO groups (id, name, institute_id) VALUES (10570, 'ТРТС-11', 11);
INSERT INTO groups (id, name, institute_id) VALUES (10848, 'БТ-11', 12);
INSERT INTO groups (id, name, institute_id) VALUES (10877, 'БТ-21', 12);
INSERT INTO groups (id, name, institute_id) VALUES (10888, 'БТ-31', 12);
INSERT INTO groups (id, name, institute_id) VALUES (10934, 'БТ-41', 12);
INSERT INTO groups (id, name, institute_id) VALUES (11199, 'БТФБ-11', 12);
INSERT INTO groups (id, name, institute_id) VALUES (11029, 'ТВС-3', 12);
INSERT INTO groups (id, name, institute_id) VALUES (11024, 'ТНР-3', 12);
INSERT INTO groups (id, name, institute_id) VALUES (11071, 'ТНР-4', 12);
INSERT INTO groups (id, name, institute_id) VALUES (11025, 'ТОР-3', 12);
INSERT INTO groups (id, name, institute_id) VALUES (11072, 'ТОР-4', 12);
INSERT INTO groups (id, name, institute_id) VALUES (11028, 'ТПП-3', 12);
INSERT INTO groups (id, name, institute_id) VALUES (11075, 'ТПП-4', 12);
INSERT INTO groups (id, name, institute_id) VALUES (11030, 'ТХД-3', 12);
INSERT INTO groups (id, name, institute_id) VALUES (11076, 'ТХД-4', 12);
INSERT INTO groups (id, name, institute_id) VALUES (10851, 'ФР-11', 12);
INSERT INTO groups (id, name, institute_id) VALUES (11492, 'ФР-12', 12);
INSERT INTO groups (id, name, institute_id) VALUES (10879, 'ФР-21', 12);
INSERT INTO groups (id, name, institute_id) VALUES (10880, 'ФР-22', 12);
INSERT INTO groups (id, name, institute_id) VALUES (10894, 'ФР-31', 12);
INSERT INTO groups (id, name, institute_id) VALUES (10895, 'ФР-32', 12);
INSERT INTO groups (id, name, institute_id) VALUES (10896, 'ФР-33', 12);
INSERT INTO groups (id, name, institute_id) VALUES (10936, 'ФР-41', 12);
INSERT INTO groups (id, name, institute_id) VALUES (10937, 'ФР-42', 12);
INSERT INTO groups (id, name, institute_id) VALUES (11201, 'ФРФП-11', 12);
INSERT INTO groups (id, name, institute_id) VALUES (11738, 'ФРФП-12', 12);
INSERT INTO groups (id, name, institute_id) VALUES (10883, 'ХІ-31', 12);
INSERT INTO groups (id, name, institute_id) VALUES (10885, 'ХІ-32', 12);
INSERT INTO groups (id, name, institute_id) VALUES (10933, 'ХІ-41', 12);
INSERT INTO groups (id, name, institute_id) VALUES (10850, 'ХР-11', 12);
INSERT INTO groups (id, name, institute_id) VALUES (10878, 'ХР-21', 12);
INSERT INTO groups (id, name, institute_id) VALUES (10890, 'ХР-31', 12);
INSERT INTO groups (id, name, institute_id) VALUES (10935, 'ХР-41', 12);
INSERT INTO groups (id, name, institute_id) VALUES (11200, 'ХРБВ-11', 12);
INSERT INTO groups (id, name, institute_id) VALUES (10840, 'ХТ-11', 12);
INSERT INTO groups (id, name, institute_id) VALUES (10841, 'ХТ-12', 12);
INSERT INTO groups (id, name, institute_id) VALUES (10843, 'ХТ-13', 12);
INSERT INTO groups (id, name, institute_id) VALUES (10871, 'ХТ-21', 12);
INSERT INTO groups (id, name, institute_id) VALUES (10873, 'ХТ-22', 12);
INSERT INTO groups (id, name, institute_id) VALUES (10874, 'ХТ-23', 12);
INSERT INTO groups (id, name, institute_id) VALUES (10875, 'ХТ-24', 12);
INSERT INTO groups (id, name, institute_id) VALUES (10876, 'ХТ-25', 12);
INSERT INTO groups (id, name, institute_id) VALUES (11192, 'ХТВС-11', 12);
INSERT INTO groups (id, name, institute_id) VALUES (11196, 'ХТКХ-11', 12);
INSERT INTO groups (id, name, institute_id) VALUES (11181, 'ХТНР -11', 12);
INSERT INTO groups (id, name, institute_id) VALUES (10901, 'ХТОР-11', 12);
INSERT INTO groups (id, name, institute_id) VALUES (11027, 'ХТП-3', 12);
INSERT INTO groups (id, name, institute_id) VALUES (11074, 'ХТП-4', 12);
INSERT INTO groups (id, name, institute_id) VALUES (11187, 'ХТПВ-11', 12);
INSERT INTO groups (id, name, institute_id) VALUES (11189, 'ХТПК-11', 12);
INSERT INTO groups (id, name, institute_id) VALUES (11026, 'ХТС-3', 12);
INSERT INTO groups (id, name, institute_id) VALUES (11073, 'ХТС-4', 12);
INSERT INTO groups (id, name, institute_id) VALUES (11185, 'ХТТЕ-11', 12);
INSERT INTO groups (id, name, institute_id) VALUES (11186, 'ХТТС-11', 12);
INSERT INTO groups (id, name, institute_id) VALUES (11194, 'ХТХВ-11', 12);
INSERT INTO groups (id, name, institute_id) VALUES (11193, 'ХТХД-11', 12);
INSERT INTO groups (id, name, institute_id) VALUES (11556, 'БІА-ОА-1', 21);
INSERT INTO groups (id, name, institute_id) VALUES (11668, 'БІА-ОА-1', 21);
INSERT INTO groups (id, name, institute_id) VALUES (11557, 'БІА-ОА-2', 21);
INSERT INTO groups (id, name, institute_id) VALUES (11669, 'БІА-ОА-2', 21);
INSERT INTO groups (id, name, institute_id) VALUES (11558, 'БІА-ОА-3', 21);
INSERT INTO groups (id, name, institute_id) VALUES (11559, 'БІА-ОА-4', 21);
INSERT INTO groups (id, name, institute_id) VALUES (11560, 'БІА-ОА-5', 21);
INSERT INTO groups (id, name, institute_id) VALUES (11561, 'БІА-ОА-6', 21);
INSERT INTO groups (id, name, institute_id) VALUES (11562, 'БІА-ОА-7', 21);
INSERT INTO groups (id, name, institute_id) VALUES (11563, 'БІА-ОА-8', 21);
INSERT INTO groups (id, name, institute_id) VALUES (11569, 'БПД-МО-1', 21);
INSERT INTO groups (id, name, institute_id) VALUES (11570, 'БПД-МО-2', 21);
INSERT INTO groups (id, name, institute_id) VALUES (11571, 'БПД-МО-3', 21);
INSERT INTO groups (id, name, institute_id) VALUES (11572, 'БПД-МО-4', 21);
INSERT INTO groups (id, name, institute_id) VALUES (11573, 'БПД-МО-5', 21);
INSERT INTO groups (id, name, institute_id) VALUES (11574, 'БПД-МО-6', 21);
INSERT INTO groups (id, name, institute_id) VALUES (11575, 'БПД-МО-7', 21);
INSERT INTO groups (id, name, institute_id) VALUES (11581, 'БПД-МО-8', 21);
INSERT INTO groups (id, name, institute_id) VALUES (11582, 'БПУ-ТУ-1', 21);
INSERT INTO groups (id, name, institute_id) VALUES (11583, 'БПУ-ТУ-2', 21);
INSERT INTO groups (id, name, institute_id) VALUES (11584, 'БПУ-ТУ-3', 21);
INSERT INTO groups (id, name, institute_id) VALUES (11586, 'БПУ-ТУ-4', 21);
INSERT INTO groups (id, name, institute_id) VALUES (11587, 'БПУ-ТУ-5', 21);
INSERT INTO groups (id, name, institute_id) VALUES (11588, 'БПУ-ТУ-6', 21);
INSERT INTO groups (id, name, institute_id) VALUES (11538, 'ВВО-ЕПІ-1', 21);
INSERT INTO groups (id, name, institute_id) VALUES (11539, 'ВВО-ЕПІ-2', 21);
INSERT INTO groups (id, name, institute_id) VALUES (11540, 'ВВО-ЕПІ-3', 21);
INSERT INTO groups (id, name, institute_id) VALUES (11541, 'ВВО-ЕПІ-4', 21);
INSERT INTO groups (id, name, institute_id) VALUES (11595, 'ВВО-ЕПІ-5', 21);
INSERT INTO groups (id, name, institute_id) VALUES (11596, 'ВВО-ЕПІ-6', 21);
INSERT INTO groups (id, name, institute_id) VALUES (11597, 'ГРД-СР-1', 21);
INSERT INTO groups (id, name, institute_id) VALUES (11598, 'ГРД-СР-2', 21);
INSERT INTO groups (id, name, institute_id) VALUES (11599, 'ГРД-СР-3', 21);
INSERT INTO groups (id, name, institute_id) VALUES (11602, 'ДІК-МПА-1', 21);
INSERT INTO groups (id, name, institute_id) VALUES (11603, 'ДІК-МПА-2', 21);
INSERT INTO groups (id, name, institute_id) VALUES (11604, 'ДІК-МПА-3', 21);
INSERT INTO groups (id, name, institute_id) VALUES (11605, 'ДІК-МПА-4', 21);
INSERT INTO groups (id, name, institute_id) VALUES (11606, 'ДІК-МПА-5', 21);
INSERT INTO groups (id, name, institute_id) VALUES (11607, 'ДУД-СКІД-1', 21);
INSERT INTO groups (id, name, institute_id) VALUES (11608, 'ДУД-СКІД-2', 21);
INSERT INTO groups (id, name, institute_id) VALUES (11610, 'ЕКБ-ТПЕ-1', 21);
INSERT INTO groups (id, name, institute_id) VALUES (11611, 'ЕКБ-ТПЕ-2', 21);
INSERT INTO groups (id, name, institute_id) VALUES (11612, 'ЕКБ-ТПЕ-3', 21);
INSERT INTO groups (id, name, institute_id) VALUES (11613, 'ЕКБ-ТПЕ-4', 21);
INSERT INTO groups (id, name, institute_id) VALUES (11614, 'ЕКБ-ТПЕ-5', 21);
INSERT INTO groups (id, name, institute_id) VALUES (11615, 'ЕКБ-ТПЕ-6', 21);
INSERT INTO groups (id, name, institute_id) VALUES (11620, 'ЕТБ-КФ-1', 21);
INSERT INTO groups (id, name, institute_id) VALUES (11622, 'ЕФЛ-ЗМД-1', 21);
INSERT INTO groups (id, name, institute_id) VALUES (11631, 'ЕФЛ-ЗМД-10', 21);
INSERT INTO groups (id, name, institute_id) VALUES (11968, 'ЕФЛ-ЗМД-11', 21);
INSERT INTO groups (id, name, institute_id) VALUES (11623, 'ЕФЛ-ЗМД-2', 21);
INSERT INTO groups (id, name, institute_id) VALUES (11624, 'ЕФЛ-ЗМД-3', 21);
INSERT INTO groups (id, name, institute_id) VALUES (11625, 'ЕФЛ-ЗМД-4', 21);
INSERT INTO groups (id, name, institute_id) VALUES (11626, 'ЕФЛ-ЗМД-5', 21);
INSERT INTO groups (id, name, institute_id) VALUES (11627, 'ЕФЛ-ЗМД-6', 21);
INSERT INTO groups (id, name, institute_id) VALUES (11628, 'ЕФЛ-ЗМД-7', 21);
INSERT INTO groups (id, name, institute_id) VALUES (11629, 'ЕФЛ-ЗМД-8', 21);
INSERT INTO groups (id, name, institute_id) VALUES (11630, 'ЕФЛ-ЗМД-9', 21);
INSERT INTO groups (id, name, institute_id) VALUES (11972, 'ІКС-ІМКС-1', 21);
INSERT INTO groups (id, name, institute_id) VALUES (11973, 'ІКС-ІМКС-2', 21);
INSERT INTO groups (id, name, institute_id) VALUES (11974, 'ІКС-ІМКС-3', 21);
INSERT INTO groups (id, name, institute_id) VALUES (11635, 'МІП-ММП-1', 21);
INSERT INTO groups (id, name, institute_id) VALUES (11636, 'МІП-ММП-2', 21);
INSERT INTO groups (id, name, institute_id) VALUES (11638, 'МІП-ММП-3', 21);
INSERT INTO groups (id, name, institute_id) VALUES (10974, 'ОСЛ-МЛ-1', 21);
INSERT INTO groups (id, name, institute_id) VALUES (11542, 'ОСЛ-МЛ-2', 21);
INSERT INTO groups (id, name, institute_id) VALUES (11564, 'ОСЛ-МЛ-3', 21);
INSERT INTO groups (id, name, institute_id) VALUES (11565, 'ОСЛ-МЛ-4', 21);
INSERT INTO groups (id, name, institute_id) VALUES (11566, 'ОСЛ-МЛ-5', 21);
INSERT INTO groups (id, name, institute_id) VALUES (11567, 'ОСЛ-МЛ-6', 21);
INSERT INTO groups (id, name, institute_id) VALUES (11568, 'ОСЛ-МЛ-7', 21);
INSERT INTO groups (id, name, institute_id) VALUES (11969, 'ОСЛ-МЛ-8', 21);
INSERT INTO groups (id, name, institute_id) VALUES (11970, 'ОСЛ-МЛ-9', 21);
INSERT INTO groups (id, name, institute_id) VALUES (11639, 'ОСТ-УМ-1', 21);
INSERT INTO groups (id, name, institute_id) VALUES (11640, 'ОТМ-ПМВ-1', 21);
INSERT INTO groups (id, name, institute_id) VALUES (11641, 'ОТМ-ПМВ-2', 21);
INSERT INTO groups (id, name, institute_id) VALUES (11642, 'ОТМ-ПМВ-3', 21);
INSERT INTO groups (id, name, institute_id) VALUES (11643, 'ОТМ-ПМВ-4', 21);
INSERT INTO groups (id, name, institute_id) VALUES (11644, 'ОТМ-ПМВ-5', 21);
INSERT INTO groups (id, name, institute_id) VALUES (10973, 'РИТ-УМ-1', 21);
INSERT INTO groups (id, name, institute_id) VALUES (10980, 'РИТ-УМ-2', 21);
INSERT INTO groups (id, name, institute_id) VALUES (11577, 'РИТ-УМ-3', 21);
INSERT INTO groups (id, name, institute_id) VALUES (11578, 'РИТ-УМ-4', 21);
INSERT INTO groups (id, name, institute_id) VALUES (11579, 'РИТ-УМ-5', 21);
INSERT INTO groups (id, name, institute_id) VALUES (11580, 'РИТ-УМ-6', 21);
INSERT INTO groups (id, name, institute_id) VALUES (11944, 'РИТ-УМ-7', 21);
INSERT INTO groups (id, name, institute_id) VALUES (11945, 'РИТ-УМ-8', 21);
INSERT INTO groups (id, name, institute_id) VALUES (11966, 'РИТ-УМ-9', 21);
INSERT INTO groups (id, name, institute_id) VALUES (11645, 'РРС-КФ-1', 21);
INSERT INTO groups (id, name, institute_id) VALUES (11646, 'СОК-СР-1', 21);
INSERT INTO groups (id, name, institute_id) VALUES (11647, 'СОК-СР-2', 21);
INSERT INTO groups (id, name, institute_id) VALUES (11648, 'СОК-СР-3', 21);
INSERT INTO groups (id, name, institute_id) VALUES (11649, 'ТРС-АФМ-1', 21);
INSERT INTO groups (id, name, institute_id) VALUES (11906, 'ТРС-АФМ-10', 21);
INSERT INTO groups (id, name, institute_id) VALUES (11907, 'ТРС-АФМ-11', 21);
INSERT INTO groups (id, name, institute_id) VALUES (11908, 'ТРС-АФМ-12', 21);
INSERT INTO groups (id, name, institute_id) VALUES (11909, 'ТРС-АФМ-13', 21);
INSERT INTO groups (id, name, institute_id) VALUES (11946, 'ТРС-АФМ-14', 21);
INSERT INTO groups (id, name, institute_id) VALUES (11980, 'ТРС-АФМ-15', 21);
INSERT INTO groups (id, name, institute_id) VALUES (11650, 'ТРС-АФМ-2', 21);
INSERT INTO groups (id, name, institute_id) VALUES (11651, 'ТРС-АФМ-3', 21);
INSERT INTO groups (id, name, institute_id) VALUES (11652, 'ТРС-АФМ-4', 21);
INSERT INTO groups (id, name, institute_id) VALUES (11653, 'ТРС-АФМ-5', 21);
INSERT INTO groups (id, name, institute_id) VALUES (11654, 'ТРС-АФМ-6', 21);
INSERT INTO groups (id, name, institute_id) VALUES (11655, 'ТРС-АФМ-7', 21);
INSERT INTO groups (id, name, institute_id) VALUES (11904, 'ТРС-АФМ-8', 21);
INSERT INTO groups (id, name, institute_id) VALUES (11905, 'ТРС-АФМ-9', 21);
INSERT INTO groups (id, name, institute_id) VALUES (11663, 'ФКЗ-ФІН-1', 21);
INSERT INTO groups (id, name, institute_id) VALUES (11664, 'ФКЗ-ФІН-2', 21);
INSERT INTO groups (id, name, institute_id) VALUES (11665, 'ФКЗ-ФІН-3', 21);
INSERT INTO groups (id, name, institute_id) VALUES (11666, 'ФКЗ-ФІН-4', 21);
INSERT INTO groups (id, name, institute_id) VALUES (11667, 'ФКЗ-ФІН-5', 21);




INSERT INTO group_names(name, institute_id) VALUES ('ЕКСЕ', 22);
INSERT INTO group_names(name, institute_id) VALUES ('МЕУП', 22);
INSERT INTO group_names(name, institute_id) VALUES ('МЕФБ', 22);
INSERT INTO group_names(name, institute_id) VALUES ('УА', 22);
INSERT INTO group_names(name, institute_id) VALUES ('УААМ', 22);
INSERT INTO group_names(name, institute_id) VALUES ('УАЕК', 22);
INSERT INTO group_names(name, institute_id) VALUES ('УАПУ', 22);
INSERT INTO group_names(name, institute_id) VALUES ('АР', 1);
INSERT INTO group_names(name, institute_id) VALUES ('АРБС', 1);
INSERT INTO group_names(name, institute_id) VALUES ('АРДА', 1);
INSERT INTO group_names(name, institute_id) VALUES ('АРМБ', 1);
INSERT INTO group_names(name, institute_id) VALUES ('АРРП', 1);
INSERT INTO group_names(name, institute_id) VALUES ('ДЗ', 1);
INSERT INTO group_names(name, institute_id) VALUES ('ДЗЗВ', 1);
INSERT INTO group_names(name, institute_id) VALUES ('РМ', 1);
INSERT INTO group_names(name, institute_id) VALUES ('РМРТ', 1);
INSERT INTO group_names(name, institute_id) VALUES ('АДА', 2);
INSERT INTO group_names(name, institute_id) VALUES ('БД', 2);
INSERT INTO group_names(name, institute_id) VALUES ('БДАД', 2);
INSERT INTO group_names(name, institute_id) VALUES ('БДВВ', 2);
INSERT INTO group_names(name, institute_id) VALUES ('БДМБ', 2);
INSERT INTO group_names(name, institute_id) VALUES ('БДМТ', 2);
INSERT INTO group_names(name, institute_id) VALUES ('БДПЦ', 2);
INSERT INTO group_names(name, institute_id) VALUES ('БДТГ', 2);
INSERT INTO group_names(name, institute_id) VALUES ('БДТК', 2);
INSERT INTO group_names(name, institute_id) VALUES ('ВВД', 2);
INSERT INTO group_names(name, institute_id) VALUES ('ГБПО', 2);
INSERT INTO group_names(name, institute_id) VALUES ('ГТ', 2);
INSERT INTO group_names(name, institute_id) VALUES ('МБГ', 2);
INSERT INTO group_names(name, institute_id) VALUES ('МТТ', 2);
INSERT INTO group_names(name, institute_id) VALUES ('ПБ', 2);
INSERT INTO group_names(name, institute_id) VALUES ('ПБПБ', 2);
INSERT INTO group_names(name, institute_id) VALUES ('ПЦБ', 2);
INSERT INTO group_names(name, institute_id) VALUES ('ТБК', 2);
INSERT INTO group_names(name, institute_id) VALUES ('ТГВ', 2);
INSERT INTO group_names(name, institute_id) VALUES ('ГД', 3);
INSERT INTO group_names(name, institute_id) VALUES ('ГДГЕ', 3);
INSERT INTO group_names(name, institute_id) VALUES ('ГДГТ', 3);
INSERT INTO group_names(name, institute_id) VALUES ('ГДЗ', 3);
INSERT INTO group_names(name, institute_id) VALUES ('ГДЗК', 3);
INSERT INTO group_names(name, institute_id) VALUES ('ГДОЗ', 3);
INSERT INTO group_names(name, institute_id) VALUES ('ГІС', 3);
INSERT INTO group_names(name, institute_id) VALUES ('ЗМК', 3);
INSERT INTO group_names(name, institute_id) VALUES ('КМЗ', 3);
INSERT INTO group_names(name, institute_id) VALUES ('КРТ', 3);
INSERT INTO group_names(name, institute_id) VALUES ('НЗ', 3);
INSERT INTO group_names(name, institute_id) VALUES ('НЗКА', 3);
INSERT INTO group_names(name, institute_id) VALUES ('НЗКМ', 3);
INSERT INTO group_names(name, institute_id) VALUES ('ОЗМ', 3);
INSERT INTO group_names(name, institute_id) VALUES ('ФТМ', 3);
INSERT INTO group_names(name, institute_id) VALUES ('ДК', 4);
INSERT INTO group_names(name, institute_id) VALUES ('ДКІБ', 4);
INSERT INTO group_names(name, institute_id) VALUES ('МВ', 4);
INSERT INTO group_names(name, institute_id) VALUES ('МВМВ', 4);
INSERT INTO group_names(name, institute_id) VALUES ('САКІ', 4);
INSERT INTO group_names(name, institute_id) VALUES ('СЗ', 4);
INSERT INTO group_names(name, institute_id) VALUES ('СМ', 4);
INSERT INTO group_names(name, institute_id) VALUES ('СММП', 4);
INSERT INTO group_names(name, institute_id) VALUES ('СО', 4);
INSERT INTO group_names(name, institute_id) VALUES ('СОВД', 4);
INSERT INTO group_names(name, institute_id) VALUES ('СР', 4);
INSERT INTO group_names(name, institute_id) VALUES ('СРСО', 4);
INSERT INTO group_names(name, institute_id) VALUES ('АВ', 6);
INSERT INTO group_names(name, institute_id) VALUES ('АВАУ', 6);
INSERT INTO group_names(name, institute_id) VALUES ('АЕ', 6);
INSERT INTO group_names(name, institute_id) VALUES ('ЕАП', 6);
INSERT INTO group_names(name, institute_id) VALUES ('ЕЕ', 6);
INSERT INTO group_names(name, institute_id) VALUES ('ЕЕАЕ', 6);
INSERT INTO group_names(name, institute_id) VALUES ('ЕЕЕМ', 6);
INSERT INTO group_names(name, institute_id) VALUES ('ЕЕЕП', 6);
INSERT INTO group_names(name, institute_id) VALUES ('ЕЕЕС', 6);
INSERT INTO group_names(name, institute_id) VALUES ('ЕЕСМ', 6);
INSERT INTO group_names(name, institute_id) VALUES ('ЕЕСТ', 6);
INSERT INTO group_names(name, institute_id) VALUES ('ЕЕСУ', 6);
INSERT INTO group_names(name, institute_id) VALUES ('ЕКТ', 6);
INSERT INTO group_names(name, institute_id) VALUES ('ЕМА', 6);
INSERT INTO group_names(name, institute_id) VALUES ('ЕНМ', 6);
INSERT INTO group_names(name, institute_id) VALUES ('ЕПТ', 6);
INSERT INTO group_names(name, institute_id) VALUES ('ЕСМ', 6);
INSERT INTO group_names(name, institute_id) VALUES ('ЕСТ', 6);
INSERT INTO group_names(name, institute_id) VALUES ('ЕТС', 6);
INSERT INTO group_names(name, institute_id) VALUES ('СВЕ', 6);
INSERT INTO group_names(name, institute_id) VALUES ('ТЕ', 6);
INSERT INTO group_names(name, institute_id) VALUES ('ТЕН', 6);
INSERT INTO group_names(name, institute_id) VALUES ('ТЕС', 6);
INSERT INTO group_names(name, institute_id) VALUES ('ТЕТЕ', 6);
INSERT INTO group_names(name, institute_id) VALUES ('ТЕТС', 6);
INSERT INTO group_names(name, institute_id) VALUES ('АТ', 7);
INSERT INTO group_names(name, institute_id) VALUES ('АТСМ', 7);
INSERT INTO group_names(name, institute_id) VALUES ('ЗВ', 7);
INSERT INTO group_names(name, institute_id) VALUES ('ІЛС', 7);
INSERT INTO group_names(name, institute_id) VALUES ('КГТ', 7);
INSERT INTO group_names(name, institute_id) VALUES ('ЛВ', 7);
INSERT INTO group_names(name, institute_id) VALUES ('МБ', 7);
INSERT INTO group_names(name, institute_id) VALUES ('МБЕП', 7);
INSERT INTO group_names(name, institute_id) VALUES ('МБКГ', 7);
INSERT INTO group_names(name, institute_id) VALUES ('МБПХ', 7);
INSERT INTO group_names(name, institute_id) VALUES ('МЗ', 7);
INSERT INTO group_names(name, institute_id) VALUES ('МЗПМ', 7);
INSERT INTO group_names(name, institute_id) VALUES ('МЛ', 7);
INSERT INTO group_names(name, institute_id) VALUES ('МП ', 7);
INSERT INTO group_names(name, institute_id) VALUES ('МП', 7);
INSERT INTO group_names(name, institute_id) VALUES ('МПВП', 7);
INSERT INTO group_names(name, institute_id) VALUES ('МПРС', 7);
INSERT INTO group_names(name, institute_id) VALUES ('МПТМ', 7);
INSERT INTO group_names(name, institute_id) VALUES ('МПТП', 7);
INSERT INTO group_names(name, institute_id) VALUES ('МТП', 7);
INSERT INTO group_names(name, institute_id) VALUES ('ОДР', 7);
INSERT INTO group_names(name, institute_id) VALUES ('ОЕП', 7);
INSERT INTO group_names(name, institute_id) VALUES ('ОЛП', 7);
INSERT INTO group_names(name, institute_id) VALUES ('ОПТ', 7);
INSERT INTO group_names(name, institute_id) VALUES ('ПХВ', 7);
INSERT INTO group_names(name, institute_id) VALUES ('ТМБ', 7);
INSERT INTO group_names(name, institute_id) VALUES ('ТТ', 7);
INSERT INTO group_names(name, institute_id) VALUES ('ТТОП', 7);
INSERT INTO group_names(name, institute_id) VALUES ('ТТОР', 7);
INSERT INTO group_names(name, institute_id) VALUES ('ВП', 8);
INSERT INTO group_names(name, institute_id) VALUES ('ВПКТ', 8);
INSERT INTO group_names(name, institute_id) VALUES ('ІІ', 8);
INSERT INTO group_names(name, institute_id) VALUES ('ІТІТ', 8);
INSERT INTO group_names(name, institute_id) VALUES ('КН', 8);
INSERT INTO group_names(name, institute_id) VALUES ('КНІТ', 8);
INSERT INTO group_names(name, institute_id) VALUES ('КНМ', 8);
INSERT INTO group_names(name, institute_id) VALUES ('КНСП', 8);
INSERT INTO group_names(name, institute_id) VALUES ('КНст', 8);
INSERT INTO group_names(name, institute_id) VALUES ('КНСШ', 8);
INSERT INTO group_names(name, institute_id) VALUES ('КНУП', 8);
INSERT INTO group_names(name, institute_id) VALUES ('КНУС', 8);
INSERT INTO group_names(name, institute_id) VALUES ('ПЗ', 8);
INSERT INTO group_names(name, institute_id) VALUES ('ПЗІП', 8);
INSERT INTO group_names(name, institute_id) VALUES ('ПЗМ', 8);
INSERT INTO group_names(name, institute_id) VALUES ('ПІ', 8);
INSERT INTO group_names(name, institute_id) VALUES ('СА', 8);
INSERT INTO group_names(name, institute_id) VALUES ('САМ', 8);
INSERT INTO group_names(name, institute_id) VALUES ('САСМ', 8);
INSERT INTO group_names(name, institute_id) VALUES ('ФЛ', 8);
INSERT INTO group_names(name, institute_id) VALUES ('ФЛПЛ', 8);
INSERT INTO group_names(name, institute_id) VALUES ('АВКС', 9);
INSERT INTO group_names(name, institute_id) VALUES ('БІ', 9);
INSERT INTO group_names(name, institute_id) VALUES ('ЗІ', 9);
INSERT INTO group_names(name, institute_id) VALUES ('ІР', 9);
INSERT INTO group_names(name, institute_id) VALUES ('КБ', 9);
INSERT INTO group_names(name, institute_id) VALUES ('КББІ', 9);
INSERT INTO group_names(name, institute_id) VALUES ('КБСТ', 9);
INSERT INTO group_names(name, institute_id) VALUES ('КБУІ', 9);
INSERT INTO group_names(name, institute_id) VALUES ('КІ', 9);
INSERT INTO group_names(name, institute_id) VALUES ('КІКС', 9);
INSERT INTO group_names(name, institute_id) VALUES ('КІСК', 9);
INSERT INTO group_names(name, institute_id) VALUES ('КІСП', 9);
INSERT INTO group_names(name, institute_id) VALUES ('КНУО', 9);
INSERT INTO group_names(name, institute_id) VALUES ('МС', 9);
INSERT INTO group_names(name, institute_id) VALUES ('МТ', 9);
INSERT INTO group_names(name, institute_id) VALUES ('МТІТ', 9);
INSERT INTO group_names(name, institute_id) VALUES ('МТМВ', 9);
INSERT INTO group_names(name, institute_id) VALUES ('МТМЗ', 9);
INSERT INTO group_names(name, institute_id) VALUES ('МТПС', 9);
INSERT INTO group_names(name, institute_id) VALUES ('МТЯС', 9);
INSERT INTO group_names(name, institute_id) VALUES ('ПР', 9);
INSERT INTO group_names(name, institute_id) VALUES ('СІ', 9);
INSERT INTO group_names(name, institute_id) VALUES ('УІ', 9);
INSERT INTO group_names(name, institute_id) VALUES ('ІФ', 10);
INSERT INTO group_names(name, institute_id) VALUES ('КНІК', 10);
INSERT INTO group_names(name, institute_id) VALUES ('МВ', 10);
INSERT INTO group_names(name, institute_id) VALUES ('МВМІ', 10);
INSERT INTO group_names(name, institute_id) VALUES ('МІ', 10);
INSERT INTO group_names(name, institute_id) VALUES ('ПМ', 10);
INSERT INTO group_names(name, institute_id) VALUES ('ПМКМ', 10);
INSERT INTO group_names(name, institute_id) VALUES ('ПМПМ', 10);
INSERT INTO group_names(name, institute_id) VALUES ('ПФ', 10);
INSERT INTO group_names(name, institute_id) VALUES ('ПФГВ', 10);
INSERT INTO group_names(name, institute_id) VALUES ('ЕВ', 5);
INSERT INTO group_names(name, institute_id) VALUES ('ЕВМЕ', 5);
INSERT INTO group_names(name, institute_id) VALUES ('ЕК', 5);
INSERT INTO group_names(name, institute_id) VALUES ('ЕКЕП', 5);
INSERT INTO group_names(name, institute_id) VALUES ('ЕКПЕ', 5);
INSERT INTO group_names(name, institute_id) VALUES ('ЕП', 5);
INSERT INTO group_names(name, institute_id) VALUES ('ЛОГ', 5);
INSERT INTO group_names(name, institute_id) VALUES ('МА', 5);
INSERT INTO group_names(name, institute_id) VALUES ('МЕ', 5);
INSERT INTO group_names(name, institute_id) VALUES ('МЕБА', 5);
INSERT INTO group_names(name, institute_id) VALUES ('МЕЗД', 5);
INSERT INTO group_names(name, institute_id) VALUES ('МЕІД', 5);
INSERT INTO group_names(name, institute_id) VALUES ('МЕЛГ', 5);
INSERT INTO group_names(name, institute_id) VALUES ('МЕОА', 5);
INSERT INTO group_names(name, institute_id) VALUES ('МЕУІ', 5);
INSERT INTO group_names(name, institute_id) VALUES ('МЗД', 5);
INSERT INTO group_names(name, institute_id) VALUES ('МІД', 5);
INSERT INTO group_names(name, institute_id) VALUES ('МК', 5);
INSERT INTO group_names(name, institute_id) VALUES ('МКМА', 5);
INSERT INTO group_names(name, institute_id) VALUES ('МОР', 5);
INSERT INTO group_names(name, institute_id) VALUES ('ОА', 5);
INSERT INTO group_names(name, institute_id) VALUES ('ОП', 5);
INSERT INTO group_names(name, institute_id) VALUES ('ОПАГ', 5);
INSERT INTO group_names(name, institute_id) VALUES ('УЕК', 5);
INSERT INTO group_names(name, institute_id) VALUES ('УП', 5);
INSERT INTO group_names(name, institute_id) VALUES ('ФБ', 5);
INSERT INTO group_names(name, institute_id) VALUES ('ФБСС', 5);
INSERT INTO group_names(name, institute_id) VALUES ('ФК', 5);
INSERT INTO group_names(name, institute_id) VALUES ('ЖР', 18);
INSERT INTO group_names(name, institute_id) VALUES ('ЖРЗВ', 18);
INSERT INTO group_names(name, institute_id) VALUES ('ЖУР', 18);
INSERT INTO group_names(name, institute_id) VALUES ('МЕУН', 18);
INSERT INTO group_names(name, institute_id) VALUES ('НОПН', 18);
INSERT INTO group_names(name, institute_id) VALUES ('ПВ', 18);
INSERT INTO group_names(name, institute_id) VALUES ('ПВПР', 18);
INSERT INTO group_names(name, institute_id) VALUES ('ПО', 18);
INSERT INTO group_names(name, institute_id) VALUES ('ПП', 18);
INSERT INTO group_names(name, institute_id) VALUES ('ПС', 18);
INSERT INTO group_names(name, institute_id) VALUES ('ПСПС', 18);
INSERT INTO group_names(name, institute_id) VALUES ('ЕКА', 24);
INSERT INTO group_names(name, institute_id) VALUES ('ЕКО', 24);
INSERT INTO group_names(name, institute_id) VALUES ('ЕО', 24);
INSERT INTO group_names(name, institute_id) VALUES ('ЕОЕК', 24);
INSERT INTO group_names(name, institute_id) VALUES ('ЕОЕС', 24);
INSERT INTO group_names(name, institute_id) VALUES ('МПД', 24);
INSERT INTO group_names(name, institute_id) VALUES ('ПЕП', 24);
INSERT INTO group_names(name, institute_id) VALUES ('ПТ', 24);
INSERT INTO group_names(name, institute_id) VALUES ('ПТПБ', 24);
INSERT INTO group_names(name, institute_id) VALUES ('ТЗ', 24);
INSERT INTO group_names(name, institute_id) VALUES ('ТЗПЕ', 24);
INSERT INTO group_names(name, institute_id) VALUES ('ТП', 24);
INSERT INTO group_names(name, institute_id) VALUES ('ТУ', 24);
INSERT INTO group_names(name, institute_id) VALUES ('ТУТД', 24);
INSERT INTO group_names(name, institute_id) VALUES ('ЦБ', 24);
INSERT INTO group_names(name, institute_id) VALUES ('АН', 11);
INSERT INTO group_names(name, institute_id) VALUES ('БІ', 11);
INSERT INTO group_names(name, institute_id) VALUES ('БІБМ', 11);
INSERT INTO group_names(name, institute_id) VALUES ('ЕЛ', 11);
INSERT INTO group_names(name, institute_id) VALUES ('ЕЛЕП', 11);
INSERT INTO group_names(name, institute_id) VALUES ('ІК', 11);
INSERT INTO group_names(name, institute_id) VALUES ('МН', 11);
INSERT INTO group_names(name, institute_id) VALUES ('МНЛО', 11);
INSERT INTO group_names(name, institute_id) VALUES ('МННА', 11);
INSERT INTO group_names(name, institute_id) VALUES ('МНФБ', 11);
INSERT INTO group_names(name, institute_id) VALUES ('ОТ', 11);
INSERT INTO group_names(name, institute_id) VALUES ('РА', 11);
INSERT INTO group_names(name, institute_id) VALUES ('РТ', 11);
INSERT INTO group_names(name, institute_id) VALUES ('ТК', 11);
INSERT INTO group_names(name, institute_id) VALUES ('ТР', 11);
INSERT INTO group_names(name, institute_id) VALUES ('ТРАР', 11);
INSERT INTO group_names(name, institute_id) VALUES ('ТРІМ', 11);
INSERT INTO group_names(name, institute_id) VALUES ('ТРРА', 11);
INSERT INTO group_names(name, institute_id) VALUES ('ТРРП', 11);
INSERT INTO group_names(name, institute_id) VALUES ('ТРТЕ', 11);
INSERT INTO group_names(name, institute_id) VALUES ('ТРТС', 11);
INSERT INTO group_names(name, institute_id) VALUES ('БТ', 12);
INSERT INTO group_names(name, institute_id) VALUES ('БТФБ', 12);
INSERT INTO group_names(name, institute_id) VALUES ('ТВС', 12);
INSERT INTO group_names(name, institute_id) VALUES ('ТНР', 12);
INSERT INTO group_names(name, institute_id) VALUES ('ТОР', 12);
INSERT INTO group_names(name, institute_id) VALUES ('ТПП', 12);
INSERT INTO group_names(name, institute_id) VALUES ('ТХД', 12);
INSERT INTO group_names(name, institute_id) VALUES ('ФР', 12);
INSERT INTO group_names(name, institute_id) VALUES ('ФРФП', 12);
INSERT INTO group_names(name, institute_id) VALUES ('ХІ', 12);
INSERT INTO group_names(name, institute_id) VALUES ('ХР', 12);
INSERT INTO group_names(name, institute_id) VALUES ('ХРБВ', 12);
INSERT INTO group_names(name, institute_id) VALUES ('ХТ', 12);
INSERT INTO group_names(name, institute_id) VALUES ('ХТВС', 12);
INSERT INTO group_names(name, institute_id) VALUES ('ХТКХ', 12);
INSERT INTO group_names(name, institute_id) VALUES ('ХТНР ', 12);
INSERT INTO group_names(name, institute_id) VALUES ('ХТОР', 12);
INSERT INTO group_names(name, institute_id) VALUES ('ХТП', 12);
INSERT INTO group_names(name, institute_id) VALUES ('ХТПВ', 12);
INSERT INTO group_names(name, institute_id) VALUES ('ХТПК', 12);
INSERT INTO group_names(name, institute_id) VALUES ('ХТС', 12);
INSERT INTO group_names(name, institute_id) VALUES ('ХТТЕ', 12);
INSERT INTO group_names(name, institute_id) VALUES ('ХТТС', 12);
INSERT INTO group_names(name, institute_id) VALUES ('ХТХВ', 12);
INSERT INTO group_names(name, institute_id) VALUES ('ХТХД', 12);
INSERT INTO group_names(name, institute_id) VALUES ('БІА-ОА', 21);
INSERT INTO group_names(name, institute_id) VALUES ('БПД-МО', 21);
INSERT INTO group_names(name, institute_id) VALUES ('БПУ-ТУ', 21);
INSERT INTO group_names(name, institute_id) VALUES ('ВВО-ЕПІ', 21);
INSERT INTO group_names(name, institute_id) VALUES ('ГРД-СР', 21);
INSERT INTO group_names(name, institute_id) VALUES ('ДІК-МПА', 21);
INSERT INTO group_names(name, institute_id) VALUES ('ДУД-СКІД', 21);
INSERT INTO group_names(name, institute_id) VALUES ('ЕКБ-ТПЕ', 21);
INSERT INTO group_names(name, institute_id) VALUES ('ЕТБ-КФ', 21);
INSERT INTO group_names(name, institute_id) VALUES ('ЕФЛ-ЗМД', 21);
INSERT INTO group_names(name, institute_id) VALUES ('ІКС-ІМКС', 21);
INSERT INTO group_names(name, institute_id) VALUES ('МІП-ММП', 21);
INSERT INTO group_names(name, institute_id) VALUES ('ОСЛ-МЛ', 21);
INSERT INTO group_names(name, institute_id) VALUES ('ОСТ-УМ', 21);
INSERT INTO group_names(name, institute_id) VALUES ('ОТМ-ПМВ', 21);
INSERT INTO group_names(name, institute_id) VALUES ('РИТ-УМ', 21);
INSERT INTO group_names(name, institute_id) VALUES ('РРС-КФ', 21);
INSERT INTO group_names(name, institute_id) VALUES ('СОК-СР', 21);
INSERT INTO group_names(name, institute_id) VALUES ('ТРС-АФМ', 21);
INSERT INTO group_names(name, institute_id) VALUES ('ФКЗ-ФІН', 21);
